Feature,SHAP Importance
1009,0.06642344
3504,0.017977402
2268,0.011720439
2641,0.011459724
2058,0.011448655
2915,0.011203081
2161,0.010381889
1779,0.010378654
2801,0.010031163
2429,0.009945972
2828,0.009619166
2944,0.009221851
3104,0.009108699
3303,0.009105084
2508,0.009047649
2285,0.0089072315
2239,0.008801774
2138,0.008568371
4107,0.008391914
2006,0.008138638
3805,0.008019239
2719,0.007952521
4408,0.007926043
2862,0.007881866
3080,0.0078791175
2409,0.0076915366
1974,0.007390793
1721,0.007309298
2168,0.007260337
3403,0.0071719936
4212,0.0070411903
1730,0.0069550076
1850,0.0067572254
2336,0.0067266403
2980,0.0067106434
1908,0.006476707
3108,0.0064747143
2821,0.0064456263
2669,0.0064401566
1887,0.006429888
2312,0.006271513
1786,0.0061630458
2440,0.006122379
2065,0.006099024
2820,0.0060447147
2628,0.0060291835
2624,0.006016374
1754,0.0059521245
3102,0.005850088
2334,0.005836678
1790,0.0058256257
2071,0.0055839643
1814,0.0053961826
2768,0.005382161
2580,0.0053115212
2237,0.00529087
1711,0.005273593
1893,0.005173512
1819,0.0051647597
2833,0.0051300856
2899,0.005092024
2224,0.004956173
4007,0.004920544
2031,0.004904997
2554,0.004806678
2407,0.0047142385
1851,0.004703425
3140,0.004694129
1716,0.0046715476
2792,0.0046604183
1811,0.004637885
2923,0.0046259924
3905,0.004583082
2745,0.004521765
1930,0.0044898684
3145,0.0044559785
2882,0.004450879
1732,0.0044494276
2875,0.0044388906
1744,0.004372841
1866,0.0043657613
2387,0.004343756
2246,0.0043083057
1777,0.004274416
1641,0.004215746
2879,0.004201152
2105,0.004197427
2522,0.004183393
1807,0.004170906
2988,0.004148267
3115,0.004146636
2225,0.004076999
2333,0.004046913
3033,0.004035352
2757,0.0040201335
2907,0.0040049003
2369,0.0040045246
2390,0.003998799
1933,0.003996999
1828,0.003968171
2259,0.003946739
2459,0.003915378
2183,0.003876646
2527,0.0038352443
2887,0.0037711123
1710,0.0037659656
3075,0.0037527576
4169,0.0037406997
1856,0.0037365765
4047,0.0037319406
3815,0.003731332
2955,0.003723464
2765,0.0037174588
2179,0.0037084774
3116,0.0036920882
2979,0.003679846
2863,0.0036626786
1962,0.0036399176
1656,0.0036293135
2860,0.0036012337
1924,0.003569316
1637,0.0035550941
2060,0.0035469837
2630,0.0035450365
1886,0.0035277228
2114,0.0035051396
1969,0.0034885653
1784,0.0034857353
4327,0.0033949872
2500,0.0033481026
2567,0.0033420583
2890,0.0033284358
2292,0.003302121
3130,0.0032865442
2803,0.0032696652
3083,0.003258362
1821,0.0032305028
2738,0.003220843
2957,0.003215769
2714,0.0032056079
2189,0.0032053182
1689,0.00319233
3051,0.0031680216
3802,0.0031582403
2959,0.003154914
4134,0.0031453785
1872,0.0031435809
2747,0.0031392712
1846,0.003121665
2817,0.0031162482
2127,0.0031088397
2450,0.003104483
3577,0.00308995
2705,0.0030695712
2837,0.00305722
1981,0.0030553224
2323,0.0030086972
1940,0.003004369
2743,0.0029979958
1808,0.0029933439
3807,0.0029855464
4272,0.0029850998
3483,0.002972649
2683,0.0029652799
1735,0.002956431
2074,0.0029558819
3123,0.0029501584
2769,0.0029420597
1746,0.0029352456
3109,0.0029284155
2564,0.0029238244
2876,0.002907018
2960,0.0029060903
2640,0.0028887312
3304,0.0028866204
1774,0.0028828678
3027,0.002865628
2397,0.0028459607
4378,0.0028365797
2529,0.0028315613
1701,0.00283147
2598,0.002825186
2614,0.002811635
2635,0.002800568
2211,0.0028001447
3136,0.0027986157
3555,0.0027912485
2834,0.002789071
2160,0.0027864922
2896,0.0027851418
3393,0.00277837
2374,0.0027411918
1879,0.0027335652
2574,0.002724971
2807,0.0027168922
2945,0.002711148
3055,0.002705715
3494,0.0026846125
3060,0.0026715726
1838,0.0026637663
2878,0.0026603087
2464,0.0026503343
2927,0.0026463002
3565,0.0026455938
1863,0.0026368112
3512,0.0026251613
2326,0.0026071062
2951,0.0025829938
1791,0.002575279
1745,0.002560115
1992,0.0025418545
2458,0.002540801
2345,0.0025362002
2039,0.0025359981
2582,0.002534918
5694,0.002513412
2159,0.0025083295
1616,0.0025072354
4473,0.0025027697
3896,0.002502118
4041,0.0024935969
2294,0.002486063
1751,0.0024800117
2861,0.0024733597
2087,0.0024688838
1862,0.0024686346
1659,0.0024670002
2169,0.0024644234
1657,0.0024609494
2840,0.0024476256
1998,0.002440104
2175,0.002437386
2203,0.0024310937
2137,0.0024289538
2607,0.0024066546
3151,0.0023705035
1729,0.0023531057
1628,0.002338427
1702,0.0023291856
5278,0.0023267104
3740,0.0023248794
2005,0.0023206524
2490,0.0022985488
2815,0.0022733773
2600,0.0022730902
2655,0.0022727167
2517,0.0022700045
4282,0.002259722
1806,0.0022583255
2411,0.0022481016
2371,0.0022338347
2170,0.0022278687
1776,0.0022277923
2903,0.0022226986
2176,0.0022225091
2100,0.0022200271
2174,0.0022161237
1766,0.0022137954
4313,0.0022123342
2718,0.0022119249
3433,0.0022078983
2696,0.0022026761
3918,0.002196811
4403,0.0021905657
4161,0.0021904674
2264,0.0021891638
2977,0.0021849647
3358,0.0021794357
4380,0.0021770783
2262,0.0021757167
2051,0.0021745001
2035,0.002174427
3237,0.0021636218
4165,0.0021558679
3354,0.0021554653
4393,0.0021505107
2053,0.00215024
3297,0.0021489824
2249,0.0021367252
2128,0.0021297566
2604,0.002125272
3028,0.002124284
3138,0.0021171207
2004,0.0021144638
3845,0.0021073562
3081,0.0020972996
1934,0.002091046
3477,0.0020878508
3267,0.00207238
2227,0.0020683033
2403,0.0020666672
3791,0.0020618383
1738,0.0020610853
2532,0.0020578036
1707,0.0020570357
1994,0.0020560897
2663,0.0020559405
2255,0.0020318495
1891,0.0020315123
1795,0.0020262538
2603,0.0020185178
1798,0.0020177811
2434,0.002013263
1980,0.0020108302
2549,0.0019928024
2706,0.0019926762
1625,0.0019884154
2838,0.0019859995
2200,0.0019696467
3165,0.0019642808
5212,0.001961619
2618,0.001951675
2068,0.001950393
2322,0.001932824
2195,0.0019288351
2202,0.0019160723
1800,0.0019143234
2808,0.001904157
4295,0.0018966584
1809,0.0018891043
3716,0.0018820366
3371,0.0018814153
1888,0.0018762382
2212,0.0018741969
1648,0.0018738729
2930,0.0018713365
1740,0.0018598068
3521,0.0018511635
3103,0.0018280626
3679,0.0018248828
1048,0.0018191616
3768,0.0018145638
2218,0.0018093134
3024,0.0018079501
3101,0.0018043575
4543,0.001796926
4104,0.001796073
2496,0.0017940357
3636,0.0017783032
1985,0.0017764794
3987,0.0017749973
2002,0.0017695631
2478,0.0017592852
1661,0.00175915
2360,0.0017583189
1869,0.0017581899
2033,0.001752893
3010,0.0017503395
2825,0.0017464387
2310,0.0017435753
2367,0.0017362885
2642,0.0017295671
3559,0.0017293397
2021,0.0017286844
3042,0.0017280192
1965,0.0017142267
2348,0.0017117322
1783,0.0017091179
3125,0.0017044557
2355,0.001701376
2119,0.0016989748
3120,0.0016978525
2790,0.0016961449
2895,0.0016946692
1679,0.0016924663
3397,0.0016912776
2524,0.0016819808
2746,0.001681807
3233,0.0016812524
2920,0.0016794534
3904,0.0016791039
3121,0.0016729918
2182,0.0016724096
3133,0.0016638645
2775,0.001652654
3316,0.0016523786
4038,0.0016417509
3198,0.0016391468
4383,0.0016290593
2094,0.0016270209
2497,0.0016261518
4442,0.0016246665
2454,0.0016233037
2568,0.0016168726
3525,0.0016160707
3082,0.0016101188
2444,0.0016073936
4275,0.0016064895
4008,0.0016062385
3376,0.0015994948
2095,0.0015959488
2649,0.001588062
2512,0.0015861839
2918,0.0015853136
2660,0.0015778732
4400,0.0015774163
3796,0.0015773177
2229,0.0015738324
2806,0.001571205
2992,0.0015706909
1658,0.0015692472
1873,0.0015683877
1844,0.0015639688
2465,0.001560097
3175,0.001558184
3415,0.001557483
2949,0.0015560383
1693,0.0015537697
3509,0.0015511533
2722,0.0015487
2120,0.001547277
4317,0.0015468495
4197,0.0015451023
2151,0.0015423981
2867,0.0015417482
1741,0.0015374902
4453,0.0015369045
2044,0.0015312571
2794,0.0015251907
2096,0.0015244378
2001,0.001521095
2659,0.001513223
3050,0.001512094
1796,0.0015116053
4226,0.0015094655
2569,0.0015075703
3127,0.0015071158
1620,0.00150482
4208,0.0015016403
4168,0.001501179
2252,0.0014996248
1697,0.0014985718
5314,0.0014983524
1960,0.0014956185
4001,0.0014940136
4264,0.0014925135
3134,0.0014887665
2442,0.001486175
3441,0.001483392
3007,0.0014814746
2774,0.0014808704
3618,0.0014738365
2904,0.0014730686
2043,0.001470663
3128,0.001467581
2014,0.0014674347
2824,0.0014672964
3739,0.0014666016
1640,0.0014527028
3385,0.0014482107
1733,0.0014474938
3052,0.0014473253
2602,0.0014469117
2871,0.0014441651
2377,0.001443266
2819,0.001441501
2795,0.0014377893
2353,0.0014312479
2399,0.0014278117
2472,0.0014263302
1926,0.0014258369
2577,0.0014245391
2668,0.001421832
2010,0.0014181847
1764,0.0014169293
4390,0.0014134058
1894,0.0014083015
2939,0.0014081788
1649,0.0013986103
3106,0.0013944774
2457,0.0013941922
4033,0.0013930628
5246,0.0013913581
4156,0.0013893635
3589,0.0013876773
2221,0.001387475
3764,0.0013827413
2103,0.0013783625
3781,0.001377412
4225,0.0013734882
2145,0.0013715485
2547,0.0013671226
5752,0.0013645309
4414,0.0013635893
3126,0.0013625209
3229,0.0013621126
4124,0.0013617626
3065,0.0013586025
3558,0.0013558645
3607,0.0013546322
3951,0.001354237
3803,0.0013540518
1731,0.0013538897
1947,0.0013535459
2537,0.0013534542
2691,0.0013522162
3970,0.0013490472
2858,0.0013439892
3148,0.0013417929
2341,0.0013390739
2690,0.0013378242
3645,0.0013356591
2304,0.001332503
1842,0.0013280971
3661,0.0013263221
2906,0.0013176816
2122,0.0013127611
2089,0.0013051403
4369,0.0013035206
2173,0.0013000473
2320,0.0012961432
3365,0.0012946543
2142,0.0012885373
3916,0.0012864117
2958,0.001285031
3179,0.0012841569
3957,0.0012810036
2072,0.0012787062
4392,0.0012720871
2358,0.0012719219
1881,0.0012715604
2253,0.0012671476
2204,0.0012644556
3186,0.0012632804
2948,0.0012596672
2737,0.0012586691
4312,0.0012575792
3273,0.0012551434
1951,0.0012526696
3843,0.0012506773
1834,0.0012468197
2388,0.0012454056
3481,0.0012443766
1911,0.0012412507
2180,0.0012405047
3156,0.0012401842
3324,0.0012393723
5281,0.0012390908
1690,0.001238578
3587,0.0012383527
1920,0.001237224
2287,0.001232784
2560,0.0012316789
2531,0.0012296055
2897,0.0012271197
2515,0.0012262798
3097,0.0012260942
5690,0.0012256306
3350,0.0012241703
1829,0.0012235037
2994,0.0012201413
3061,0.0012181422
1836,0.0012173302
1688,0.0012156316
4213,0.0012143769
2913,0.0012128723
3167,0.0012121244
2158,0.0012121182
1722,0.0012097699
1875,0.0012080332
3523,0.0012046783
2843,0.0012032132
2470,0.0011997033
2362,0.0011954803
2849,0.0011951055
3703,0.0011897855
1618,0.0011895412
3412,0.0011891414
4181,0.0011875371
1968,0.0011852499
4159,0.0011841555
2139,0.0011788256
2498,0.0011747569
2000,0.0011734143
3677,0.0011732266
1853,0.0011731763
2666,0.0011716214
3031,0.001170819
3146,0.0011696129
1939,0.001166621
2463,0.0011657666
4261,0.001163464
2699,0.0011621804
5713,0.0011602326
3522,0.0011561165
4243,0.0011554859
1942,0.0011545493
2126,0.0011541
3906,0.0011536671
2205,0.0011528214
1752,0.0011514591
2586,0.0011447761
3191,0.001144311
2724,0.0011441043
3248,0.0011435512
2536,0.0011418909
2848,0.0011408671
1771,0.0011396889
3036,0.0011394036
2366,0.0011391166
4448,0.0011381321
2619,0.0011378926
2914,0.0011363863
2543,0.0011345788
1662,0.0011334114
3567,0.0011323759
3837,0.0011305253
2953,0.0011246562
1906,0.0011229095
4065,0.0011212642
2555,0.0011168373
4030,0.0011164086
3968,0.0011161442
3953,0.0011157654
4071,0.0011146303
2378,0.0011129068
2987,0.0011127818
3533,0.0011120281
2576,0.001109058
4251,0.0011086736
4096,0.0011085947
2118,0.0011082498
3401,0.0011058169
2869,0.0011048922
2380,0.0011046206
3990,0.001101999
1961,0.0011018864
2134,0.0011009332
4404,0.0011003573
1890,0.0010989872
3464,0.0010989088
2258,0.0010964127
4204,0.0010962144
3399,0.0010945039
3622,0.001094132
4349,0.0010937707
3049,0.0010934226
1673,0.0010916281
2069,0.0010910059
1644,0.0010905965
2656,0.001090138
2969,0.001090081
3712,0.0010878679
3505,0.0010878611
2812,0.0010873784
4174,0.0010870381
2099,0.0010834293
3018,0.0010823184
2299,0.0010801746
3967,0.0010757978
1787,0.0010755666
3738,0.0010747943
4278,0.0010747543
1700,0.0010714652
2688,0.0010709346
2588,0.001069524
2300,0.0010690251
3112,0.0010670914
4067,0.0010627467
1831,0.0010609482
3032,0.0010590684
5744,0.001058229
4480,0.0010576596
5729,0.0010568794
3025,0.0010560586
1674,0.0010556674
3469,0.0010553002
4350,0.0010544633
2744,0.0010504149
3395,0.0010493046
2865,0.0010488355
1840,0.0010481533
3314,0.0010460106
1830,0.0010459244
4447,0.001045317
3516,0.0010430354
3586,0.0010423209
4039,0.0010370893
4455,0.0010340933
4535,0.001031916
3098,0.0010293168
2893,0.0010290568
2622,0.0010278071
2439,0.0010253089
3182,0.001024973
3928,0.0010180136
3969,0.0010136407
3557,0.0010116514
2943,0.0010113607
2086,0.0010107158
3210,0.0010075736
3752,0.0010060654
4416,0.0010051654
4145,0.0010034468
5216,0.0010002236
5355,0.0009957496
2070,0.0009952908
3000,0.0009939241
2974,0.0009938795
1797,0.0009927456
4418,0.0009912265
2446,0.0009901916
3882,0.0009876797
3548,0.0009852746
2677,0.0009847161
4177,0.0009801813
2365,0.0009745032
2990,0.0009668151
4265,0.00096534955
4254,0.00096511224
3853,0.00096440554
3149,0.0009642476
4117,0.0009638213
2925,0.000961377
3334,0.0009611958
2584,0.0009604907
2964,0.00095826737
3339,0.0009560203
2562,0.000955171
3810,0.00095497025
3793,0.0009543669
3790,0.0009526355
2961,0.000952149
4098,0.0009518858
1937,0.00094991655
2636,0.0009498372
1858,0.00094728766
2995,0.00094486587
3908,0.0009441116
1633,0.000942769
2783,0.00094211026
3096,0.00094099244
2017,0.0009396907
2996,0.00093935727
2685,0.000938424
4357,0.000938236
2733,0.000938177
3613,0.0009376841
2802,0.0009373162
2711,0.0009365846
1983,0.000934653
2909,0.0009330889
3771,0.0009307764
2546,0.00092910725
3168,0.00092757744
2185,0.0009274657
3711,0.0009272665
4294,0.000925654
4136,0.00092335226
3858,0.0009211547
1794,0.00092079095
2315,0.00092034915
1681,0.0009180557
3299,0.0009174607
2272,0.00091738935
3053,0.00091566815
3170,0.00091557804
3631,0.0009107791
2545,0.0009091805
4256,0.00090912665
3390,0.00090667926
2976,0.0009051873
2032,0.00090396416
3200,0.000897343
1672,0.000897213
2739,0.00089692016
1949,0.00089642196
1964,0.00089381414
3949,0.0008938045
2029,0.00089370704
3879,0.00089346664
2937,0.00089279906
4244,0.00089189847
2141,0.0008918576
3113,0.00088732573
3962,0.00088460813
3981,0.0008842364
3554,0.0008826019
3707,0.0008820014
3416,0.00088172837
4332,0.0008807003
2767,0.00087863684
2077,0.00087833725
2589,0.00087796466
2293,0.0008776748
2785,0.0008769101
4242,0.0008758831
4360,0.0008757613
2710,0.0008755045
2081,0.0008742274
3591,0.0008737265
3721,0.00087279594
3705,0.0008719289
4458,0.000871497
3044,0.0008692204
3372,0.0008691625
3571,0.00086848374
4304,0.0008667556
4309,0.000865754
3099,0.00086565403
2932,0.0008624765
1910,0.0008616972
2040,0.0008603946
4241,0.00085798826
3580,0.0008576961
3404,0.0008573316
2047,0.0008543052
2418,0.00085331674
2898,0.00084849336
3983,0.0008473503
2331,0.00084661564
3913,0.0008454024
2085,0.00084498985
1859,0.0008448795
3759,0.00084405515
4130,0.0008432483
1963,0.0008432012
2307,0.00084042206
3849,0.00084039004
1907,0.0008403703
5217,0.0008387204
4046,0.00083868916
4146,0.0008368123
2379,0.0008350164
2966,0.0008340675
4192,0.000833779
3819,0.00083346316
3741,0.0008331515
3878,0.00083077146
3779,0.0008298351
4347,0.0008289904
3388,0.00082890684
2327,0.0008282086
2826,0.0008277248
1997,0.000826995
2216,0.0008249573
3545,0.0008243232
3880,0.000823576
3092,0.0008234599
2644,0.0008216498
3172,0.00081956835
4428,0.0008183928
3963,0.0008170215
3725,0.0008151463
2309,0.00081247685
2406,0.0008124539
2177,0.0008121117
4229,0.00081053167
2024,0.0008072925
3605,0.00080705463
3668,0.00080504885
3208,0.00080495904
2108,0.0008047933
3964,0.00080335076
2059,0.00080168777
4091,0.00080102566
3828,0.0008006125
3333,0.00080051454
4024,0.00079948246
3826,0.00079638854
1810,0.00079308427
1991,0.00079286145
5206,0.0007928007
1868,0.00079262897
1848,0.0007895843
2847,0.0007892623
2449,0.000789239
2799,0.00078865944
3514,0.0007876232
1990,0.00078707776
1841,0.00078671373
4178,0.0007864632
2684,0.00078585633
2810,0.0007819533
4042,0.0007811619
3720,0.00077856495
2191,0.0007781745
3854,0.0007760194
2566,0.00077596813
2476,0.0007750082
4186,0.0007744461
4239,0.00077274087
2924,0.00077124493
3777,0.000766202
2713,0.0007657261
4388,0.0007629423
3702,0.0007627496
4322,0.0007611578
2271,0.00076115143
3578,0.00076054473
1897,0.00075863267
2098,0.0007568973
2561,0.0007561797
2606,0.00075445423
2392,0.00075318076
1705,0.0007523972
4176,0.00075231213
4232,0.00075193384
2357,0.0007508566
3499,0.0007502891
1804,0.00074812875
3295,0.00074609346
3732,0.0007448259
4143,0.00074299594
4062,0.0007424181
3004,0.0007414733
2942,0.00074109604
3270,0.0007406328
3742,0.00073978095
2565,0.00073838327
3708,0.0007372236
3261,0.0007352426
3421,0.0007334741
2011,0.00073203456
2352,0.00073013856
3289,0.0007297547
3311,0.0007292404
3936,0.00072823104
4012,0.00072694017
1944,0.0007245908
3221,0.000723765
3341,0.0007225556
2321,0.0007217515
3205,0.000721566
1892,0.0007213307
3812,0.0007211303
2501,0.0007209434
2780,0.0007180775
2055,0.00071805285
5354,0.00071773265
3864,0.00071744446
3638,0.00071575906
2902,0.00071563356
3786,0.00071414956
2503,0.00071375753
4179,0.00071300863
2080,0.0007128931
248,0.00071214343
2670,0.000711622
1900,0.0007111468
3012,0.000709219
2984,0.0007086611
1817,0.00070826954
2814,0.000707806
3938,0.00070599315
3842,0.0007056725
1773,0.00070558063
3658,0.0007051597
3472,0.00070389296
2385,0.00070374616
4090,0.0007034727
1822,0.0007031102
2544,0.000702088
1818,0.00070170383
3697,0.00070124184
4268,0.00070097175
4303,0.000700789
4257,0.0006997398
2115,0.0006994211
2830,0.0006987851
2288,0.00069817196
3971,0.00069749437
4009,0.00069650204
3384,0.00069600914
3465,0.00069544336
1726,0.000695387
1792,0.0006951086
3664,0.000693981
1660,0.00069384207
3556,0.0006930774
2313,0.00069278973
3041,0.0006920694
2349,0.00069151627
2886,0.0006911298
3824,0.0006905888
3228,0.000689714
2340,0.0006896622
1885,0.0006883073
2163,0.0006870598
4006,0.00068386336
2090,0.0006837769
4171,0.0006835109
3444,0.0006824592
3922,0.00068045233
3265,0.0006803705
4170,0.00067980826
3034,0.0006780139
2338,0.00067649706
2091,0.0006738681
4078,0.000672147
3841,0.0006699031
2525,0.0006684178
3062,0.00066761917
4028,0.0006674827
2855,0.0006655675
3363,0.0006650993
2675,0.0006643789
3038,0.00066417415
2384,0.0006641552
3119,0.0006629958
2394,0.00066221645
3528,0.0006616376
3646,0.00066024624
3277,0.0006599616
2892,0.00065974926
3067,0.0006596119
3345,0.0006595163
1860,0.0006578562
3998,0.0006560059
2363,0.00065465184
5330,0.00065433735
2697,0.0006534755
1929,0.0006525191
2208,0.00065037754
4026,0.00064942724
1895,0.00064933003
2428,0.00064789894
4005,0.0006478758
4386,0.00064781937
3272,0.00064607617
4018,0.0006417782
1989,0.00064134656
4260,0.00064089434
4318,0.0006406542
3773,0.0006399514
4115,0.0006375946
3860,0.0006373862
3704,0.0006362207
2716,0.0006347034
1725,0.0006343576
3861,0.00063344126
3617,0.00063279853
1750,0.0006323541
3866,0.00063114264
3597,0.00063057424
3084,0.00063009403
2740,0.0006293079
1631,0.000629258
3346,0.0006292273
2750,0.0006286286
3429,0.00062736677
2270,0.0006264745
4346,0.00062583067
3320,0.00062493264
1915,0.0006237539
3547,0.0006219929
2132,0.0006205537
2634,0.0006185433
3046,0.00061810616
2762,0.0006171407
1861,0.0006170874
3821,0.00061706704
2165,0.00061508344
2989,0.00061454345
3804,0.0006144598
2214,0.0006140279
3054,0.0006139413
4351,0.00061296957
4398,0.00061191065
3561,0.0006112955
3590,0.00061118224
2093,0.00061116373
4288,0.00061086076
4173,0.00060863467
4289,0.0006074211
3756,0.0006068811
1927,0.00060651527
2993,0.0006060562
1778,0.00060585915
3432,0.00060543104
4374,0.0006048004
4397,0.0006031754
1723,0.0006024931
3831,0.00060190033
2643,0.00060169667
2063,0.0006015634
3774,0.000600657
3887,0.00060005684
2931,0.00059889647
2064,0.0005986123
1905,0.00059737207
2079,0.00059722556
3830,0.00059691916
2908,0.0005964082
4207,0.00059541536
4116,0.0005952754
2344,0.0005926266
3336,0.00059224654
2787,0.0005908595
3562,0.00059023773
3405,0.0005897465
3414,0.00058939354
2900,0.00058939174
3935,0.00058905315
4292,0.00058826455
2835,0.0005871379
1839,0.00058581436
1760,0.0005854823
4000,0.00058379327
3357,0.00058363646
4329,0.0005805613
2786,0.0005794102
1634,0.00057772745
1874,0.0005771172
2748,0.00057688507
3073,0.00057665206
3006,0.0005764415
2028,0.0005758943
2404,0.0005754841
3296,0.00057404226
4138,0.0005723633
5228,0.00057213125
4500,0.0005709083
2571,0.0005706952
3766,0.00057051046
3984,0.0005705069
4331,0.00057016505
4158,0.00056860794
1923,0.0005684513
1803,0.0005681472
3462,0.00056762266
2729,0.0005649007
3903,0.0005630364
3430,0.0005628754
2874,0.0005620925
2986,0.000561198
2578,0.0005601084
2962,0.0005595565
2856,0.0005589795
4245,0.00055760925
3785,0.0005575699
3560,0.0005566614
4271,0.0005565
3956,0.0005562968
2998,0.0005560755
3174,0.00055592624
4234,0.00055585295
2983,0.0005547305
3353,0.00055441825
5244,0.00055368675
1749,0.00055351306
2839,0.00055306917
2789,0.00055206375
4262,0.0005518497
4307,0.0005515771
4227,0.000551174
3839,0.00055071135
1647,0.0005503126
2343,0.0005471272
4427,0.0005468518
4191,0.0005466058
4218,0.0005438524
3666,0.00054297684
3667,0.0005427939
1714,0.00054264395
3359,0.00054239243
1843,0.0005403124
2761,0.00053824444
1768,0.0005379038
4077,0.00053753547
2492,0.0005368485
3649,0.0005360813
2811,0.0005360366
3688,0.00053436216
2502,0.00053393556
3943,0.00053332746
1654,0.0005331797
2749,0.00053266884
4103,0.0005318684
4236,0.0005309919
3710,0.0005292069
4367,0.00052918197
3526,0.00052835094
3634,0.0005282993
3599,0.0005282401
2771,0.0005264326
1914,0.00052570814
3656,0.00052510574
2956,0.00052510056
1639,0.00052309287
2220,0.00052288134
2507,0.0005225189
2905,0.00052200886
3418,0.00052095635
3154,0.0005203908
3588,0.00051868986
3498,0.0005182099
4068,0.00051735784
2926,0.00051498465
2661,0.00051446544
3005,0.0005139597
4368,0.00051349093
1756,0.00051291357
2361,0.0005125246
2022,0.0005122533
2734,0.00051140814
2284,0.0005113228
2610,0.00051127514
3107,0.00051117124
3202,0.00050989597
3410,0.0005094916
3490,0.00050864316
3873,0.0005078031
1703,0.0005074071
2456,0.0005073059
4425,0.00050576625
3437,0.0005053973
3833,0.00050534494
3389,0.00050232816
2027,0.00050192757
4389,0.00050088967
3784,0.00050016545
103,0.00050001306
3480,0.00049982185
2514,0.0004997421
2430,0.0004982446
2109,0.0004971643
2373,0.0004971604
4531,0.00049653155
3730,0.00049635454
1815,0.0004961996
4422,0.0004948905
2248,0.00049472105
4144,0.0004944367
3409,0.00049424847
1928,0.0004933556
2372,0.0004925103
5306,0.0004923298
3076,0.0004923043
2587,0.00049027835
1635,0.0004898365
4316,0.0004883355
3150,0.00048793477
2209,0.00048790258
1624,0.00048746573
4095,0.00048703406
3278,0.00048697818
2731,0.0004847072
3484,0.00048409132
2471,0.0004830957
2519,0.00047878234
4306,0.00047762357
2116,0.00047750838
2311,0.00047698998
1748,0.00047679868
2102,0.0004767799
3794,0.00047665366
3124,0.00047580968
1650,0.00047568933
3502,0.0004752693
2511,0.0004750298
1835,0.00047478173
3492,0.00047289932
3298,0.00047236957
2254,0.00047166646
4445,0.00047124294
2551,0.00047096363
3676,0.00046998865
3426,0.0004687193
3197,0.00046810438
1995,0.00046765263
4250,0.00046698906
1813,0.00046590998
2673,0.0004658512
2818,0.0004657435
4034,0.00046500308
3726,0.00046499615
3088,0.0004649259
4328,0.0004640582
3338,0.00046382914
3452,0.00046333254
3222,0.00046254223
3306,0.00046214878
3844,0.000462097
3532,0.00046102298
2124,0.00046098072
3769,0.0004609099
3531,0.0004607706
1901,0.0004602882
4301,0.000460199
3890,0.0004593327
3917,0.0004584022
3445,0.00045806688
3925,0.00045742857
3461,0.0004573792
3181,0.00045702545
3825,0.0004569577
5263,0.00045637222
2741,0.00045518824
2575,0.0004541837
3985,0.0004535001
2424,0.00045255639
3959,0.00045228165
3220,0.00045199605
3144,0.0004504201
4417,0.00045012226
2421,0.000449541
2667,0.00044943887
3993,0.00044696048
2599,0.00044668917
2088,0.000446646
4133,0.0004461369
2689,0.0004455501
3883,0.00044323475
3274,0.00044307922
3019,0.00044297744
3497,0.00044239697
3737,0.00044067352
3952,0.00044060368
2117,0.0004404927
3986,0.0004388679
1696,0.00043854726
5668,0.00043832685
4438,0.00043793395
4147,0.00043782042
1638,0.00043720444
4021,0.0004369768
3976,0.00043672492
3508,0.00043638246
3846,0.00043637247
2682,0.00043635248
3039,0.0004360262
2872,0.00043504933
1651,0.0004346107
2013,0.00043418305
2375,0.00043277966
5224,0.00043216112
1971,0.00043183702
3816,0.00043093986
3691,0.00043002647
2523,0.00042970802
2866,0.00042893
1718,0.00042812547
1727,0.000427911
4002,0.00042764883
1936,0.00042721487
2215,0.00042543295
1694,0.00042515615
4123,0.00042492079
1668,0.00042469162
1958,0.0004241444
1986,0.00042409965
2889,0.00042386507
3105,0.00042377046
3142,0.00042375765
4528,0.00042374185
2559,0.0004230441
2148,0.00042164852
2480,0.00042155205
2940,0.0004213869
4450,0.00042087
2150,0.00041907871
4263,0.00041869003
2382,0.0004184715
3718,0.00041826055
3937,0.0004177708
3454,0.00041744328
3637,0.00041552988
1683,0.0004151062
2008,0.00041446747
2609,0.00041434632
1769,0.0004140274
1903,0.00041393773
3706,0.00041363348
2499,0.0004130336
4325,0.00041195002
2261,0.00041050228
2003,0.00041028956
3801,0.00041023237
3564,0.00040911313
2593,0.00040853315
3534,0.00040821332
1941,0.00040811428
1896,0.00040787918
2283,0.00040504802
3948,0.00040416225
3380,0.000404155
2405,0.00040322662
3013,0.00040301264
4048,0.00040226078
3305,0.00040214558
4412,0.00040180658
2676,0.0004015993
3218,0.0004013439
3286,0.00039948573
3002,0.0003991106
3767,0.00039892568
3603,0.00039755853
3568,0.00039668885
3881,0.00039667034
4120,0.00039659525
1785,0.0003964935
4032,0.00039643905
4094,0.00039524963
4230,0.00039346592
3160,0.00039198902
4081,0.0003916312
3535,0.00039157405
2479,0.00039113587
3583,0.00039111506
3332,0.00039068473
3407,0.00039050245
4516,0.0003904428
3343,0.00038982034
3885,0.00038958533
1912,0.0003894053
1686,0.0003885626
3851,0.00038789568
3755,0.0003876883
2188,0.00038665204
3582,0.00038546638
1832,0.0003848685
1617,0.00038481096
2274,0.00038415074
3662,0.00038413893
2720,0.00038396742
4345,0.00038376675
2778,0.0003831732
4127,0.00038216636
2314,0.00038148244
2347,0.00038119458
3058,0.00038012624
2232,0.0003793934
3173,0.00037913283
2751,0.00037781376
2572,0.00037768626
4246,0.0003773979
4106,0.00037735843
4209,0.0003767528
4440,0.0003763298
2245,0.0003760896
4149,0.00037530786
4249,0.00037495425
2443,0.00037386222
2417,0.0003737897
2386,0.00037361824
2007,0.00037339696
3751,0.00037038984
2694,0.0003702848
3808,0.0003698208
2975,0.00036948058
3647,0.0003694588
2885,0.00036877295
1643,0.00036873863
2305,0.00036859393
4311,0.00036694846
4141,0.00036665608
3551,0.00036646248
3460,0.0003663975
2535,0.00036604505
4014,0.0003631381
2822,0.00036254982
3014,0.00036081966
2266,0.00036021418
3235,0.00035961613
2231,0.0003595748
3621,0.00035945035
2467,0.0003585504
3254,0.00035763078
4053,0.00035745045
3727,0.00035722143
1728,0.00035671805
3729,0.00035657405
1982,0.00035614189
3659,0.0003558648
4454,0.00035545955
1665,0.0003552573
1675,0.0003552483
2550,0.00035449732
2025,0.0003544909
3293,0.00035403657
3030,0.00035393384
2754,0.00035344617
2563,0.0003523112
2468,0.00035200984
4099,0.00035161315
3474,0.0003501464
3848,0.00034994612
3180,0.00034971692
3335,0.000349558
3991,0.00034874064
3895,0.00034776272
4061,0.00034742834
1698,0.00034729665
3021,0.0003471072
1899,0.0003460065
3129,0.00034586538
2662,0.0003458553
3961,0.00034563986
845,0.0003447049
2972,0.000344669
1799,0.00034458397
3524,0.00034407104
4320,0.00034398749
3997,0.0003435296
4296,0.00034093406
3717,0.0003407568
2461,0.0003407276
2681,0.00034012442
4139,0.0003394141
2759,0.00033826477
2671,0.00033777652
3863,0.0003377415
4016,0.0003375996
4203,0.0003368914
3155,0.0003361717
2725,0.00033529615
3579,0.00033368944
2485,0.0003324027
3693,0.0003311969
3672,0.00033070619
2631,0.00033032618
3692,0.00032998246
2136,0.00032933662
1864,0.00032849234
1972,0.00032832846
2510,0.0003280289
1717,0.00032794345
80,0.0003276816
2788,0.0003262398
3663,0.00032570792
2929,0.00032527867
2652,0.00032468018
3259,0.00032333247
3072,0.00032325546
4253,0.0003222954
2061,0.0003219225
3690,0.00032178764
3728,0.00032157497
1878,0.0003205804
3164,0.0003201373
1747,0.00031975916
3575,0.00031966958
4379,0.00031961518
2302,0.00031907982
2534,0.00031903578
5170,0.0003188647
3442,0.0003181948
2469,0.00031803196
3719,0.00031766744
3188,0.00031686338
3818,0.00031646722
2477,0.00031542726
3458,0.00031427137
2233,0.00031401552
1943,0.0003130134
3856,0.00031196114
3940,0.00031192385
1767,0.00031126046
4082,0.00031097766
2350,0.00030994142
4308,0.00030976132
3912,0.00030973452
4086,0.00030952116
3408,0.0003093197
3177,0.0003085298
4040,0.0003083362
3765,0.00030828023
2504,0.00030743654
2376,0.00030695833
3681,0.00030676735
2506,0.00030621167
3158,0.0003062073
2968,0.00030610015
4083,0.00030584168
3594,0.00030485017
4187,0.0003043978
2570,0.00030426186
3915,0.0003031243
2048,0.00030295324
3595,0.00030256066
2816,0.00030252076
2678,0.00030164796
2030,0.00030138122
1677,0.00030105
2437,0.00029945816
2880,0.00029940592
3271,0.00029700153
3402,0.00029640904
2692,0.0002961817
2414,0.00029575257
2721,0.00029534148
4363,0.00029418757
3999,0.00029406932
3760,0.000293454
2797,0.00029269382
2042,0.0002926435
3238,0.0002922685
3642,0.00029202667
2912,0.00029185342
3356,0.00029105696
1847,0.00029081362
3513,0.00029055375
3923,0.0002903747
4172,0.0002899481
2756,0.00028993958
3584,0.00028888066
1979,0.0002863745
3321,0.0002863455
2317,0.0002858699
2228,0.00028499862
4298,0.0002848373
4198,0.00028471206
2985,0.00028418424
3071,0.0002841351
4069,0.00028407894
2452,0.00028389032
2518,0.00028310157
2621,0.000282931
4055,0.00028271502
4025,0.0002818407
3190,0.00028117542
3157,0.0002790807
2664,0.0002779044
4140,0.0002776201
2009,0.0002774052
2695,0.00027590521
2036,0.0002757608
2050,0.00027551304
3857,0.00027543405
3398,0.00027521953
3455,0.00027493172
1691,0.0002749057
2947,0.00027447165
4315,0.00027441027
3370,0.0002740369
2952,0.00027360805
2708,0.00027308744
3216,0.00027294163
1950,0.00027262757
3219,0.00027238185
3619,0.00027215423
4097,0.00027210367
2556,0.00027196767
3496,0.00027196496
2698,0.00027195635
3682,0.0002716664
2973,0.00027108658
3809,0.0002708016
1667,0.00027063463
2339,0.0002704358
4129,0.0002695643
3900,0.00026913482
3788,0.00026811587
2509,0.00026807227
3921,0.0002674031
3195,0.00026706097
1137,0.00026703425
3117,0.00026691158
4215,0.00026668797
1739,0.0002662585
2393,0.00026495548
2328,0.00026442498
2809,0.00026360224
3932,0.0002632728
3745,0.00026299033
2410,0.00026202033
3317,0.000261144
3223,0.00026088237
4049,0.0002607352
3239,0.00025747792
2279,0.0002570518
1976,0.00025678697
2167,0.00025629194
4437,0.00025610687
3744,0.00025601283
4063,0.0002547258
2646,0.00025344227
4395,0.00025323292
4044,0.0002526635
2954,0.0002521252
3946,0.00025188574
1820,0.00025187086
2782,0.00025137016
3022,0.0002512936
3256,0.00025066084
2062,0.00025009812
2431,0.00024901584
4075,0.00024859566
1945,0.0002484448
4291,0.00024790195
4043,0.0002469859
1709,0.00024530146
2591,0.00024525318
3500,0.00024491377
2354,0.00024378966
4131,0.00024339334
4121,0.00024313135
3094,0.0002428227
1932,0.00024266451
4456,0.00024265028
1978,0.00024253134
4004,0.00024187214
3047,0.0002416394
2052,0.00024108152
4399,0.0002405781
3827,0.00024031794
3470,0.00023931071
2370,0.00023857981
4059,0.00023840382
2241,0.00023801018
2286,0.00023800707
5276,0.00023775757
3980,0.0002370419
3519,0.00023687314
3026,0.00023662097
4060,0.00023647783
2381,0.00023609215
1196,0.00023446325
2763,0.0002340935
3713,0.00023403147
2784,0.00023385075
3776,0.00023351215
2223,0.00023267746
1921,0.00023235488
3680,0.00023200881
3487,0.0002318969
2709,0.00023163276
2755,0.00023160405
4148,0.00023106951
2495,0.00023101116
3674,0.00023085134
1758,0.00023066993
4084,0.00023025523
4019,0.00023014339
4355,0.00022984631
4022,0.00022979785
1629,0.00022921068
3468,0.0002282332
3243,0.00022798164
2489,0.00022762876
4381,0.00022759331
3670,0.00022728006
2325,0.00022695574
2076,0.00022671098
296,0.00022484384
2082,0.00022482492
3748,0.00022460333
2436,0.00022451756
3929,0.00022399961
4066,0.00022283221
4302,0.00022270672
3612,0.00022211751
3063,0.00022193088
3434,0.00022109086
2829,0.00022099842
2851,0.00021995603
3269,0.00021938051
3960,0.00021936718
3394,0.00021916756
2483,0.00021823909
3378,0.00021822733
2541,0.0002176037
4358,0.00021749928
4280,0.00021744332
1699,0.0002167808
2612,0.0002158535
4224,0.00021555353
3695,0.00021384958
3323,0.00021331683
4036,0.00021320794
4339,0.00021132884
3669,0.00021131472
1763,0.0002112506
2408,0.00021114247
2520,0.00021059455
3914,0.00021047125
1626,0.00021042109
3070,0.00020941698
2193,0.0002090388
3911,0.00020876784
4222,0.00020821863
2306,0.0002078225
3077,0.00020747946
4259,0.00020732249
1984,0.0002070258
3734,0.00020650498
2715,0.00020645683
3281,0.00020624103
2493,0.00020567574
2400,0.0002051625
3211,0.00020486178
2868,0.00020462411
3466,0.00020413368
3974,0.00020408141
4443,0.0002034565
2917,0.00020341836
1883,0.00020315032
5168,0.00020303282
3369,0.0002029268
3611,0.00020247413
3443,0.00020231566
3910,0.0002022121
3869,0.00020174727
3457,0.00020135123
1678,0.00020129388
1805,0.00020109757
2629,0.000200535
3930,0.0002003094
2187,0.00020002451
2687,0.00019981196
4402,0.00019947268
3536,0.00019891861
1882,0.00019888763
3870,0.00019887746
2238,0.00019862299
4151,0.00019859857
4334,0.00019820516
2067,0.00019813643
1917,0.00019741937
1904,0.00019727414
5255,0.0001971438
1931,0.00019672445
3678,0.00019562317
4157,0.00019550747
2276,0.00019516872
4300,0.00019478565
3945,0.00019385983
1782,0.00019350507
2637,0.00019317886
3037,0.00019271689
2083,0.00019232386
1970,0.00019229538
4037,0.00019144584
1655,0.00019069802
3451,0.00019034071
4231,0.0001894164
4319,0.00018938187
3307,0.00018902755
1966,0.00018902027
2539,0.00018856516
4093,0.00018763808
3834,0.00018718485
2153,0.0001869685
4338,0.0001867551
4247,0.00018653605
2453,0.00018599085
3982,0.00018584373
3232,0.00018569792
2273,0.0001855209
2156,0.00018476626
2267,0.00018474676
2474,0.00018452722
4248,0.00018438368
1619,0.00018397436
201,0.00018327238
1712,0.00018299873
4287,0.00018296347
1670,0.0001829397
4119,0.00018265554
3292,0.0001826238
2257,0.00018254189
3262,0.00018070964
2758,0.00018061408
1825,0.00018060533
2864,0.00018039558
4529,0.00018005956
3475,0.0001797675
3600,0.00017900203
2419,0.00017891373
2935,0.00017833007
3626,0.00017816924
2934,0.00017717804
2337,0.00017692737
2583,0.0001767688
3290,0.00017638342
4180,0.00017602777
3886,0.00017554977
3573,0.00017544965
3543,0.00017472074
4333,0.00017449693
3747,0.00017440453
2015,0.00017420428
3553,0.00017383092
1988,0.00017336493
3011,0.0001728383
3835,0.00017250264
3527,0.00017248343
2717,0.0001724732
2023,0.00017243082
4377,0.00017198865
4326,0.00017140595
2129,0.00017139444
3435,0.00017085794
4411,0.00016976226
3893,0.00016913534
2579,0.00016899423
1849,0.00016869468
3596,0.00016849073
3287,0.00016780493
1664,0.0001675777
3085,0.00016745791
3224,0.00016736344
3329,0.00016728949
3367,0.00016702412
2494,0.0001664536
3684,0.00016532002
2870,0.00016461087
2623,0.00016405775
5284,0.00016379186
3400,0.00016321108
2530,0.00016299232
3431,0.00016291918
2752,0.00016245783
3965,0.00016203281
2433,0.0001614297
4240,0.00016138537
3159,0.00016024068
2435,0.00016015023
3797,0.0001600733
3342,0.00015890523
3907,0.0001587216
3624,0.00015846758
2516,0.00015810678
4163,0.00015705662
4387,0.0001568748
3709,0.00015685803
3203,0.00015605526
3327,0.00015581687
4188,0.00015517081
4266,0.00015495573
4342,0.00015466582
3066,0.0001542336
1622,0.00015333458
4290,0.00015321138
4190,0.00015215835
2735,0.00015208023
2701,0.00015178298
1999,0.00015177623
4405,0.00015155935
2665,0.00015147102
2247,0.00015137867
3227,0.00015032584
2263,0.00014849391
2329,0.00014834946
1793,0.0001479139
2280,0.00014738804
4080,0.0001472812
2831,0.00014683831
3308,0.00014680557
3541,0.000146175
3275,0.0001459637
4348,0.00014571587
3090,0.00014513792
2859,0.00014387674
2827,0.00014322407
4020,0.00014301889
2432,0.00014301395
3315,0.00014257686
2445,0.00014202148
1973,0.00014162007
3947,0.00014111132
3868,0.00014106368
3312,0.00014048237
2330,0.00014026414
2073,0.00014009194
3008,0.00013976915
1789,0.00013969936
2012,0.00013807873
5703,0.00013795
3888,0.0001379303
3838,0.00013784936
3095,0.0001376977
1775,0.00013765269
3023,0.00013761401
2742,0.00013755402
3671,0.00013657792
2269,0.00013610676
2111,0.00013594393
4352,0.00013564609
1685,0.0001355884
2240,0.00013530471
3639,0.00013468889
4105,0.00013439945
2548,0.0001337153
1827,0.00013315951
3068,0.0001326145
2297,0.0001322758
3285,0.00013080263
3493,0.00013066847
1870,0.00013008967
4330,0.00012981995
3616,0.00012968258
3187,0.00012916999
2018,0.00012804702
2703,0.00012785273
1946,0.00012775924
3139,0.00012751392
3093,0.00012743981
2235,0.00012715232
2526,0.00012700688
45,0.00012687857
3544,0.00012662691
3057,0.00012648087
3193,0.00012640559
3163,0.00012572762
3043,0.00012288961
3368,0.00012261412
3722,0.00012246295
3118,0.00012192177
2046,0.00012180118
4279,0.000121653065
3787,0.00012164849
4267,0.00012129436
1967,0.00012111416
4202,0.000120868615
3276,0.00012086703
3189,0.0001208231
2121,0.00012063997
2933,0.00012050218
3753,0.00012017153
2781,0.0001201399
2616,0.00011986869
4396,0.000119630655
2611,0.00011933322
2162,0.0001191457
2298,0.00011862264
1948,0.000118611766
3230,0.00011839109
2166,0.00011827016
4195,0.00011825693
4135,0.00011793115
4354,0.00011690888
3377,0.00011651067
3633,0.00011571257
377,0.00011544919
2196,0.00011502934
3610,0.000114981616
2078,0.000114891256
3850,0.00011451802
4335,0.00011417721
2147,0.00011376843
3078,0.00011319995
1898,0.000113040536
2823,0.00011278423
4276,0.00011262006
3598,0.00011259588
4013,0.000112282534
1952,0.000112044334
3899,0.00011155709
3207,0.00011148653
2475,0.000111375004
3111,0.000111207344
3260,0.0001101413
3242,0.00010954587
3449,0.00010943252
3291,0.000109021115
3829,0.00010886544
4372,0.00010826503
3178,0.00010798176
2595,0.00010763667
3665,0.00010737967
1788,0.00010725026
2066,0.00010656663
2982,0.00010647432
3003,0.00010585884
4015,0.00010579235
2186,0.00010578522
2726,0.00010519833
3486,0.00010483888
4223,0.00010474165
2038,0.00010468527
3255,0.00010371587
3040,0.000103575025
1623,0.00010350171
4113,0.00010320135
1737,0.00010309137
1742,0.00010269327
2451,0.00010265074
3515,0.00010243675
2558,0.00010203122
3110,0.000101820726
3171,0.00010142087
3226,0.00010101225
27,0.000100800615
3630,0.00010053283
2296,0.00010049373
2832,0.00010046914
4449,0.00010033779
2632,9.993098e-05
3288,9.9738165e-05
3540,9.9618235e-05
1671,9.955311e-05
3,9.896918e-05
4092,9.872279e-05
3538,9.852881e-05
1621,9.80416e-05
4088,9.797146e-05
2950,9.790109e-05
1653,9.671297e-05
2045,9.652402e-05
12,9.6092626e-05
2707,9.587131e-05
2265,9.574613e-05
2395,9.557671e-05
3891,9.422662e-05
4194,9.401802e-05
3079,9.3899405e-05
2462,9.3734656e-05
833,9.366688e-05
976,9.349111e-05
2149,9.325368e-05
2455,9.291546e-05
4434,9.2617396e-05
1676,9.201127e-05
3811,9.15728e-05
2841,9.090442e-05
1736,9.000183e-05
4189,8.898809e-05
1,8.8805486e-05
3209,8.857952e-05
1877,8.790332e-05
2184,8.7888424e-05
3701,8.732986e-05
4444,8.717235e-05
2190,8.643511e-05
3185,8.6350534e-05
4366,8.51287e-05
2113,8.504954e-05
3169,8.488596e-05
3279,8.487362e-05
2965,8.472245e-05
3566,8.4344334e-05
4125,8.422892e-05
158,8.41223e-05
3942,8.406172e-05
3328,8.3562096e-05
3382,8.3383384e-05
2540,8.3273655e-05
1663,8.291658e-05
3015,8.259105e-05
4056,8.158653e-05
2766,8.0830425e-05
2672,8.07869e-05
3419,8.061317e-05
2295,8.046613e-05
2342,8.0455495e-05
3147,7.993521e-05
9,7.932573e-05
2615,7.86667e-05
5,7.862526e-05
2213,7.851745e-05
2590,7.8410034e-05
3161,7.838405e-05
3244,7.806901e-05
4353,7.788662e-05
3955,7.716042e-05
2198,7.7037854e-05
2693,7.6814315e-05
4361,7.646245e-05
1855,7.6350894e-05
3241,7.617598e-05
1695,7.606759e-05
3867,7.572278e-05
3975,7.565325e-05
3941,7.546968e-05
3570,7.457002e-05
4155,7.359583e-05
3362,7.3545365e-05
2487,7.2707204e-05
3236,7.246447e-05
2351,7.245399e-05
3294,7.182482e-05
1833,7.1785245e-05
2206,7.165013e-05
1630,7.163097e-05
2332,7.153434e-05
3100,7.0935275e-05
3436,7.0825576e-05
2441,7.071742e-05
3731,7.019e-05
2359,7.01247e-05
3091,7.008213e-05
3396,7.000659e-05
4343,6.9922826e-05
2016,6.914861e-05
2056,6.911646e-05
4206,6.880412e-05
3322,6.873271e-05
358,6.859011e-05
2620,6.8206595e-05
39,6.8128305e-05
4430,6.779915e-05
0,6.741357e-05
1704,6.726044e-05
3510,6.690183e-05
3800,6.683945e-05
2275,6.682243e-05
4270,6.676239e-05
4451,6.652664e-05
2482,6.6465946e-05
2097,6.5706816e-05
2364,6.523886e-05
203,6.499563e-05
4431,6.454359e-05
1724,6.451347e-05
3650,6.448175e-05
2488,6.390378e-05
3192,6.3802276e-05
1918,6.379158e-05
3266,6.3525724e-05
4273,6.348766e-05
3348,6.33718e-05
4376,6.320879e-05
3196,6.2585204e-05
837,6.2297935e-05
2645,6.217539e-05
4324,6.164352e-05
8,6.159658e-05
1765,6.137956e-05
3517,6.119418e-05
4219,6.109799e-05
1854,6.0628412e-05
171,6.0191614e-05
4283,6.0121427e-05
3199,6.000854e-05
347,5.9752434e-05
2250,5.973477e-05
2594,5.961929e-05
3852,5.9240763e-05
4045,5.9109407e-05
3016,5.880075e-05
1734,5.865685e-05
3319,5.841622e-05
2110,5.8113477e-05
10,5.780865e-05
24,5.7629375e-05
3840,5.759915e-05
3539,5.734505e-05
3086,5.70545e-05
11,5.6889457e-05
2427,5.6806846e-05
99,5.656378e-05
2884,5.6378674e-05
3166,5.60217e-05
4164,5.5943274e-05
3608,5.5661403e-05
4337,5.5352128e-05
2625,5.5247838e-05
4,5.515255e-05
2,5.4676788e-05
4435,5.457959e-05
235,5.44976e-05
402,5.408345e-05
3736,5.3464177e-05
3572,5.3420863e-05
2613,5.318583e-05
4087,5.3002765e-05
912,5.2878142e-05
4375,5.2874373e-05
152,5.245756e-05
378,5.1564803e-05
2057,5.144768e-05
92,5.121297e-05
3877,5.1155865e-05
2653,5.110278e-05
2301,5.1017712e-05
2941,5.0694718e-05
3601,5.0245162e-05
1000,4.990555e-05
2104,4.962032e-05
1772,4.956684e-05
126,4.954349e-05
219,4.9111255e-05
3330,4.8968825e-05
2415,4.8586677e-05
3309,4.8533555e-05
4401,4.8378264e-05
4089,4.8218677e-05
3213,4.809119e-05
3609,4.8034173e-05
129,4.7977966e-05
2850,4.75593e-05
1165,4.733442e-05
3423,4.72567e-05
4114,4.700415e-05
2901,4.6862802e-05
2041,4.674257e-05
2402,4.6654448e-05
2401,4.651678e-05
1959,4.6492103e-05
7,4.6317236e-05
4391,4.5896628e-05
3379,4.581966e-05
3629,4.577396e-05
1708,4.500554e-05
367,4.4934142e-05
2793,4.478971e-05
3994,4.4683286e-05
3530,4.4605964e-05
3141,4.43564e-05
3814,4.409546e-05
2396,4.371062e-05
1706,4.3169093e-05
2226,4.30129e-05
3318,4.274502e-05
185,4.2740518e-05
3387,4.266756e-05
4079,4.2568885e-05
62,4.24019e-05
2426,4.1671992e-05
222,4.1544332e-05
1993,4.1416894e-05
4423,4.127631e-05
2921,4.1089235e-05
38,4.0579944e-05
23,4.050451e-05
1642,4.0430896e-05
2626,4.0406085e-05
3234,4.0306248e-05
3795,4.009919e-05
1884,4.0015093e-05
4409,3.9921106e-05
1141,3.991438e-05
133,3.9878876e-05
3176,3.8685153e-05
1687,3.8376278e-05
4274,3.8332775e-05
2123,3.808823e-05
2971,3.8076334e-05
3518,3.785435e-05
2319,3.7720612e-05
4132,3.7558704e-05
3872,3.732453e-05
881,3.6933383e-05
104,3.6514e-05
29,3.6382702e-05
2852,3.6123165e-05
888,3.6070036e-05
4233,3.5908542e-05
6,3.5451918e-05
3799,3.543647e-05
3620,3.54111e-05
3069,3.53005e-05
4057,3.5262197e-05
2222,3.521498e-05
1757,3.5213547e-05
73,3.496022e-05
2316,3.463185e-05
3698,3.457085e-05
4446,3.4504348e-05
4211,3.440272e-05
2601,3.4249362e-05
4340,3.4212775e-05
4003,3.4150136e-05
385,3.393516e-05
1955,3.367527e-05
2460,3.3596596e-05
3762,3.26078e-05
3035,3.253248e-05
1682,3.246191e-05
68,3.243715e-05
3632,3.2304244e-05
19,3.2180127e-05
3909,3.15823e-05
56,3.1310028e-05
22,3.1250853e-05
808,3.0775685e-05
258,3.0549683e-05
2154,3.047642e-05
1816,3.0178742e-05
3374,2.9772127e-05
1680,2.9684186e-05
230,2.9594306e-05
3045,2.9534483e-05
1173,2.8995682e-05
3340,2.8974864e-05
3206,2.889431e-05
313,2.8669956e-05
315,2.8433436e-05
3654,2.8250499e-05
2420,2.8054526e-05
15,2.7985334e-05
3640,2.7657343e-05
4108,2.7346217e-05
4373,2.7299257e-05
3996,2.726341e-05
257,2.6879541e-05
40,2.6852471e-05
180,2.6808617e-05
51,2.6686426e-05
146,2.646415e-05
1093,2.609642e-05
233,2.6082316e-05
16,2.590074e-05
213,2.5886211e-05
3585,2.5597801e-05
2199,2.5377374e-05
3770,2.5092415e-05
166,2.5081566e-05
28,2.4876028e-05
324,2.4787703e-05
2505,2.4493376e-05
81,2.4386954e-05
66,2.4301758e-05
3715,2.429841e-05
4421,2.4219544e-05
20,2.4200122e-05
3614,2.4150995e-05
13,2.412562e-05
362,2.366863e-05
46,2.3654571e-05
3074,2.3643615e-05
153,2.3493949e-05
2648,2.2970818e-05
4382,2.2808408e-05
4109,2.2727267e-05
2308,2.2723765e-05
2853,2.270534e-05
78,2.2520164e-05
4293,2.2265283e-05
30,2.2265038e-05
2290,2.2010021e-05
17,2.1773378e-05
300,2.1760392e-05
35,2.1742035e-05
893,2.1660207e-05
72,2.162172e-05
2686,2.1561787e-05
1755,2.1462512e-05
1632,2.143539e-05
3114,2.139739e-05
138,2.1209646e-05
91,2.108614e-05
3360,2.1023554e-05
306,2.0954227e-05
90,2.0668218e-05
117,2.0607056e-05
2528,2.0593585e-05
2146,2.0397387e-05
3644,2.0288486e-05
163,2.000487e-05
100,1.9922349e-05
122,1.9881745e-05
25,1.9812136e-05
41,1.9590454e-05
79,1.9393337e-05
137,1.930739e-05
94,1.9193887e-05
14,1.8930297e-05
193,1.8755332e-05
202,1.8743553e-05
1157,1.8642342e-05
289,1.8616618e-05
63,1.8491763e-05
398,1.8453738e-05
59,1.8093555e-05
208,1.8047007e-05
43,1.8017892e-05
399,1.7529495e-05
961,1.747734e-05
288,1.7369319e-05
1715,1.7324233e-05
52,1.7012693e-05
2026,1.6999524e-05
176,1.6828551e-05
108,1.6815062e-05
187,1.6789958e-05
369,1.6595344e-05
1052,1.6517455e-05
189,1.634003e-05
3950,1.6240632e-05
116,1.6091577e-05
332,1.5871325e-05
275,1.585435e-05
82,1.5706906e-05
1020,1.567586e-05
2491,1.5672138e-05
48,1.5647427e-05
292,1.556137e-05
349,1.5559779e-05
2728,1.5536156e-05
3871,1.5502776e-05
44,1.5409365e-05
240,1.5345982e-05
1080,1.51774675e-05
2552,1.514918e-05
2219,1.5068792e-05
61,1.506834e-05
3798,1.5067763e-05
151,1.5063776e-05
109,1.4694311e-05
93,1.4486581e-05
1104,1.4480415e-05
212,1.42004565e-05
181,1.4096776e-05
2084,1.4092392e-05
53,1.4051329e-05
86,1.372704e-05
114,1.3699283e-05
1684,1.3583583e-05
169,1.3120144e-05
1845,1.302887e-05
243,1.2984437e-05
1743,1.2933471e-05
291,1.2522223e-05
392,1.2495112e-05
1001,1.2398102e-05
36,1.2321883e-05
184,1.2271719e-05
167,1.22187885e-05
293,1.2181355e-05
1193,1.2015548e-05
1826,1.1943682e-05
253,1.1787036e-05
380,1.1651122e-05
76,1.1621205e-05
155,1.1604865e-05
67,1.1412115e-05
1770,1.1364238e-05
200,1.1224821e-05
148,1.1176865e-05
1197,1.1158987e-05
31,1.1034636e-05
141,1.0988431e-05
134,1.094448e-05
965,1.0865736e-05
85,1.0845207e-05
809,1.0725381e-05
65,1.0588341e-05
49,1.039607e-05
1005,1.0221532e-05
287,9.959477e-06
37,9.753821e-06
147,9.731531e-06
338,9.668604e-06
988,9.621808e-06
320,9.377458e-06
1645,9.166255e-06
195,9.130937e-06
210,9.051124e-06
344,8.957062e-06
1185,8.855988e-06
98,8.587136e-06
33,8.566293e-06
89,8.223545e-06
400,8.188084e-06
115,8.127199e-06
849,8.108881e-06
1880,8.025987e-06
57,7.952108e-06
1109,7.830276e-06
139,7.620496e-06
21,7.5960183e-06
42,7.5716725e-06
251,7.3803103e-06
131,6.9304e-06
286,6.8886507e-06
216,6.737376e-06
111,6.7260357e-06
55,6.7111687e-06
227,6.6546286e-06
162,6.6247862e-06
150,6.6097073e-06
135,6.390601e-06
1956,6.126023e-06
264,5.968499e-06
18,5.790262e-06
128,5.7206275e-06
119,5.632034e-06
179,5.367775e-06
64,5.0607414e-06
198,5.055019e-06
26,4.2617753e-06
60,4.199635e-06
77,4.15359e-06
95,3.8964463e-06
113,3.8739267e-06
144,3.7324278e-06
308,3.5459498e-06
47,2.7665315e-06
149,2.7631074e-06
5503,0.0
5500,0.0
5457,0.0
5442,0.0
5469,0.0
5472,0.0
5501,0.0
5458,0.0
5471,0.0
4153,0.0
5398,0.0
4154,0.0
5504,0.0
5441,0.0
5423,0.0
5405,0.0
5502,0.0
5422,0.0
5440,0.0
5505,0.0
5421,0.0
5470,0.0
5419,0.0
5420,0.0
5386,0.0
5506,0.0
5462,0.0
5433,0.0
5400,0.0
5432,0.0
5431,0.0
5465,0.0
5402,0.0
5464,0.0
4142,0.0
5403,0.0
5426,0.0
5401,0.0
5463,0.0
4166,0.0
5427,0.0
5430,0.0
5428,0.0
5434,0.0
5466,0.0
5468,0.0
5460,0.0
5459,0.0
5467,0.0
5439,0.0
5375,0.0
5438,0.0
5508,0.0
5399,0.0
5509,0.0
5425,0.0
5437,0.0
5461,0.0
5404,0.0
4162,0.0
5436,0.0
5435,0.0
5424,0.0
5507,0.0
5473,0.0
5397,0.0
5414,0.0
5483,0.0
4160,0.0
5381,0.0
5482,0.0
4167,0.0
5389,0.0
5411,0.0
5410,0.0
5492,0.0
5446,0.0
5481,0.0
5445,0.0
5390,0.0
5480,0.0
5391,0.0
5380,0.0
5484,0.0
5382,0.0
5451,0.0
5412,0.0
5489,0.0
5385,0.0
5488,0.0
5487,0.0
5486,0.0
5449,0.0
4150,0.0
5387,0.0
5383,0.0
5384,0.0
5388,0.0
5447,0.0
5450,0.0
5491,0.0
5413,0.0
5485,0.0
5493,0.0
5452,0.0
5443,0.0
5448,0.0
5394,0.0
5429,0.0
5377,0.0
5395,0.0
5474,0.0
5396,0.0
5455,0.0
5456,0.0
5475,0.0
5498,0.0
5444,0.0
5376,0.0
5418,0.0
5407,0.0
5406,0.0
5499,0.0
5408,0.0
5378,0.0
5392,0.0
5453,0.0
5415,0.0
5393,0.0
5479,0.0
5478,0.0
5416,0.0
5409,0.0
5477,0.0
5476,0.0
5417,0.0
5494,0.0
5495,0.0
5454,0.0
4152,0.0
5496,0.0
5379,0.0
5497,0.0
5490,0.0
5635,0.0
5510,0.0
5637,0.0
5685,0.0
5684,0.0
5683,0.0
5682,0.0
5681,0.0
5680,0.0
5679,0.0
5678,0.0
5677,0.0
5676,0.0
5675,0.0
5674,0.0
5673,0.0
5672,0.0
5671,0.0
5686,0.0
5687,0.0
5688,0.0
5698,0.0
4027,0.0
5701,0.0
4029,0.0
4031,0.0
5700,0.0
5699,0.0
5697,0.0
5689,0.0
5696,0.0
5695,0.0
4035,0.0
5693,0.0
5692,0.0
5691,0.0
5670,0.0
5669,0.0
5667,0.0
4058,0.0
5651,0.0
5650,0.0
5649,0.0
5648,0.0
5647,0.0
5646,0.0
5645,0.0
4054,0.0
5644,0.0
5643,0.0
5642,0.0
5641,0.0
5640,0.0
5639,0.0
5652,0.0
5653,0.0
5666,0.0
5661,0.0
5665,0.0
4050,0.0
5664,0.0
5663,0.0
4051,0.0
5662,0.0
5660,0.0
5654,0.0
5659,0.0
5658,0.0
5657,0.0
5656,0.0
5655,0.0
4052,0.0
5702,0.0
5704,0.0
5705,0.0
5748,0.0
3988,0.0
3989,0.0
5751,0.0
3992,0.0
5750,0.0
5749,0.0
5747,0.0
5754,0.0
5746,0.0
5745,0.0
5743,0.0
3995,0.0
5742,0.0
5741,0.0
5753,0.0
5755,0.0
5739,0.0
5762,0.0
3966,0.0
5764,0.0
5763,0.0
3972,0.0
3973,0.0
3977,0.0
3978,0.0
5756,0.0
3979,0.0
5761,0.0
5760,0.0
5759,0.0
5758,0.0
5757,0.0
5740,0.0
5738,0.0
5706,0.0
4017,0.0
5719,0.0
5718,0.0
5717,0.0
5716,0.0
5715,0.0
5714,0.0
5712,0.0
5721,0.0
5711,0.0
5710,0.0
4023,0.0
5709,0.0
5708,0.0
5707,0.0
5720,0.0
5722,0.0
5737,0.0
5730,0.0
5736,0.0
5735,0.0
5734,0.0
5733,0.0
5732,0.0
5731,0.0
4010,0.0
5723,0.0
5728,0.0
4011,0.0
5727,0.0
5726,0.0
5725,0.0
5724,0.0
5638,0.0
5636,0.0
5511,0.0
4064,0.0
5557,0.0
5556,0.0
5555,0.0
5554,0.0
5553,0.0
4118,0.0
5552,0.0
5551,0.0
5550,0.0
5549,0.0
5548,0.0
5547,0.0
4122,0.0
5546,0.0
5545,0.0
5558,0.0
5559,0.0
5560,0.0
4110,0.0
5572,0.0
5571,0.0
5570,0.0
5569,0.0
5568,0.0
5567,0.0
5566,0.0
5561,0.0
4111,0.0
4112,0.0
5565,0.0
5564,0.0
5563,0.0
5562,0.0
5544,0.0
5543,0.0
5542,0.0
4137,0.0
5524,0.0
5523,0.0
5522,0.0
5521,0.0
5520,0.0
5519,0.0
5518,0.0
5526,0.0
5517,0.0
5516,0.0
5515,0.0
5514,0.0
5513,0.0
5512,0.0
5525,0.0
4128,0.0
5541,0.0
5535,0.0
5540,0.0
5539,0.0
5538,0.0
5537,0.0
4126,0.0
5536,0.0
5534,0.0
5527,0.0
5533,0.0
5532,0.0
5531,0.0
5530,0.0
5529,0.0
5528,0.0
5573,0.0
5574,0.0
5575,0.0
5616,0.0
4076,0.0
5621,0.0
5620,0.0
5619,0.0
5618,0.0
5617,0.0
5615,0.0
4074,0.0
5614,0.0
5613,0.0
5612,0.0
5611,0.0
5610,0.0
5609,0.0
5622,0.0
5623,0.0
4085,0.0
5629,0.0
5373,0.0
5634,0.0
5633,0.0
5632,0.0
5631,0.0
5630,0.0
5628,0.0
4073,0.0
5627,0.0
4070,0.0
5626,0.0
5625,0.0
4072,0.0
5624,0.0
5608,0.0
5607,0.0
5576,0.0
5581,0.0
5587,0.0
5586,0.0
5585,0.0
5584,0.0
5583,0.0
5582,0.0
5580,0.0
5589,0.0
4100,0.0
5579,0.0
4101,0.0
4102,0.0
5578,0.0
5577,0.0
5588,0.0
5590,0.0
5606,0.0
5599,0.0
5605,0.0
5604,0.0
5603,0.0
5602,0.0
5601,0.0
5600,0.0
5598,0.0
5591,0.0
5597,0.0
5596,0.0
5595,0.0
5594,0.0
5593,0.0
5592,0.0
5374,0.0
4394,0.0
5372,0.0
4748,0.0
4760,0.0
4759,0.0
4758,0.0
4757,0.0
4756,0.0
4755,0.0
4754,0.0
4753,0.0
4752,0.0
4751,0.0
4750,0.0
4749,0.0
4747,0.0
4761,0.0
4746,0.0
4745,0.0
4744,0.0
4743,0.0
4742,0.0
4741,0.0
4740,0.0
4739,0.0
4738,0.0
4737,0.0
4736,0.0
4735,0.0
4323,0.0
4762,0.0
4790,0.0
4776,0.0
4788,0.0
4787,0.0
4786,0.0
4785,0.0
4784,0.0
4783,0.0
4782,0.0
4781,0.0
4780,0.0
4779,0.0
4778,0.0
4777,0.0
4775,0.0
4763,0.0
4774,0.0
4773,0.0
4772,0.0
4321,0.0
4771,0.0
4770,0.0
4769,0.0
4768,0.0
4767,0.0
4766,0.0
4765,0.0
4764,0.0
4734,0.0
4733,0.0
4732,0.0
4689,0.0
4701,0.0
4700,0.0
4699,0.0
4698,0.0
4697,0.0
4696,0.0
4695,0.0
4694,0.0
4693,0.0
4692,0.0
4691,0.0
4690,0.0
4688,0.0
4731,0.0
4687,0.0
4686,0.0
4685,0.0
4684,0.0
4683,0.0
4682,0.0
4681,0.0
3958,0.0
4680,0.0
4679,0.0
4678,0.0
4677,0.0
4702,0.0
4703,0.0
4704,0.0
4705,0.0
4730,0.0
4729,0.0
4728,0.0
4727,0.0
4726,0.0
4725,0.0
4724,0.0
4723,0.0
4722,0.0
4721,0.0
4720,0.0
4719,0.0
4718,0.0
4717,0.0
4716,0.0
4715,0.0
4714,0.0
4713,0.0
4712,0.0
4711,0.0
4710,0.0
4709,0.0
4708,0.0
4707,0.0
4706,0.0
4789,0.0
4791,0.0
4675,0.0
4860,0.0
4872,0.0
4871,0.0
4870,0.0
4869,0.0
4868,0.0
4867,0.0
4866,0.0
4865,0.0
4864,0.0
4863,0.0
4862,0.0
4861,0.0
4859,0.0
4286,0.0
4858,0.0
4857,0.0
4856,0.0
4855,0.0
4854,0.0
4853,0.0
4852,0.0
4851,0.0
4850,0.0
4849,0.0
4848,0.0
4847,0.0
4873,0.0
4285,0.0
4314,0.0
4886,0.0
4898,0.0
4897,0.0
4896,0.0
4895,0.0
4894,0.0
4893,0.0
4892,0.0
4891,0.0
4890,0.0
4889,0.0
4888,0.0
4887,0.0
4885,0.0
4284,0.0
4884,0.0
4883,0.0
4882,0.0
4881,0.0
4880,0.0
4879,0.0
4281,0.0
4878,0.0
4877,0.0
4876,0.0
4875,0.0
4874,0.0
4846,0.0
4845,0.0
4844,0.0
4804,0.0
4815,0.0
4814,0.0
4305,0.0
4813,0.0
4812,0.0
4811,0.0
4810,0.0
4809,0.0
4808,0.0
4807,0.0
4806,0.0
4805,0.0
4803,0.0
4843,0.0
4802,0.0
4310,0.0
4801,0.0
4800,0.0
4799,0.0
4798,0.0
4797,0.0
4796,0.0
4795,0.0
4794,0.0
4793,0.0
4792,0.0
4816,0.0
4817,0.0
4818,0.0
4819,0.0
4842,0.0
4841,0.0
4840,0.0
4839,0.0
4838,0.0
4837,0.0
4836,0.0
4835,0.0
4297,0.0
4834,0.0
4833,0.0
4832,0.0
4831,0.0
4830,0.0
4829,0.0
4299,0.0
4828,0.0
4827,0.0
4826,0.0
4825,0.0
4824,0.0
4823,0.0
4822,0.0
4821,0.0
4820,0.0
4676,0.0
4674,0.0
4900,0.0
4513,0.0
4525,0.0
4365,0.0
4524,0.0
4523,0.0
4522,0.0
4521,0.0
4520,0.0
4519,0.0
4518,0.0
4517,0.0
4515,0.0
4514,0.0
4512,0.0
4364,0.0
4511,0.0
4510,0.0
4509,0.0
4508,0.0
4507,0.0
4506,0.0
4505,0.0
4504,0.0
4503,0.0
4502,0.0
4501,0.0
4499,0.0
4526,0.0
4527,0.0
4560,0.0
4546,0.0
4558,0.0
4557,0.0
4556,0.0
4555,0.0
4554,0.0
4553,0.0
4552,0.0
4551,0.0
4550,0.0
4549,0.0
4548,0.0
4547,0.0
4545,0.0
4362,0.0
4544,0.0
4542,0.0
4541,0.0
4540,0.0
4539,0.0
4538,0.0
4537,0.0
4536,0.0
4534,0.0
4533,0.0
4532,0.0
4530,0.0
4498,0.0
4497,0.0
4496,0.0
4433,0.0
4370,0.0
4463,0.0
4371,0.0
4462,0.0
4461,0.0
4460,0.0
4459,0.0
4457,0.0
4452,0.0
4441,0.0
4439,0.0
4436,0.0
4432,0.0
4495,0.0
4429,0.0
4426,0.0
4424,0.0
4420,0.0
4419,0.0
4415,0.0
4413,0.0
4410,0.0
4407,0.0
4406,0.0
4384,0.0
4385,0.0
4464,0.0
4465,0.0
4466,0.0
4467,0.0
4494,0.0
4493,0.0
4492,0.0
4491,0.0
4490,0.0
4489,0.0
4488,0.0
4487,0.0
4486,0.0
4485,0.0
4484,0.0
4483,0.0
4482,0.0
4481,0.0
4479,0.0
4478,0.0
4477,0.0
4476,0.0
4475,0.0
4474,0.0
4472,0.0
4471,0.0
4470,0.0
4469,0.0
4468,0.0
4559,0.0
4359,0.0
4673,0.0
4633,0.0
4645,0.0
4644,0.0
4643,0.0
4642,0.0
4641,0.0
4640,0.0
4639,0.0
4638,0.0
4637,0.0
4636,0.0
4635,0.0
4634,0.0
4632,0.0
4646,0.0
4631,0.0
4630,0.0
4629,0.0
4628,0.0
4627,0.0
4626,0.0
4625,0.0
4624,0.0
4623,0.0
4622,0.0
4621,0.0
4620,0.0
4344,0.0
4647,0.0
4561,0.0
4661,0.0
4672,0.0
4671,0.0
4670,0.0
4669,0.0
4336,0.0
4668,0.0
4667,0.0
4666,0.0
4665,0.0
4664,0.0
4663,0.0
4662,0.0
4660,0.0
4648,0.0
4659,0.0
4658,0.0
4657,0.0
4656,0.0
4655,0.0
4654,0.0
4653,0.0
4652,0.0
4651,0.0
4650,0.0
4649,0.0
4341,0.0
4619,0.0
4618,0.0
4617,0.0
4575,0.0
4586,0.0
4585,0.0
4584,0.0
4583,0.0
4582,0.0
4581,0.0
4580,0.0
4579,0.0
4578,0.0
4356,0.0
4577,0.0
4576,0.0
4574,0.0
4616,0.0
4573,0.0
4572,0.0
4571,0.0
4570,0.0
4569,0.0
4568,0.0
4567,0.0
4566,0.0
4565,0.0
4564,0.0
4563,0.0
4562,0.0
4587,0.0
4588,0.0
4589,0.0
4590,0.0
4615,0.0
4614,0.0
4613,0.0
4612,0.0
4611,0.0
4610,0.0
4609,0.0
4608,0.0
4607,0.0
4606,0.0
4605,0.0
4604,0.0
4603,0.0
4602,0.0
4601,0.0
4600,0.0
4599,0.0
4598,0.0
4597,0.0
4596,0.0
4595,0.0
4594,0.0
4593,0.0
4592,0.0
4591,0.0
4899,0.0
4901,0.0
5371,0.0
5201,0.0
5214,0.0
5213,0.0
5211,0.0
5210,0.0
5209,0.0
5208,0.0
5207,0.0
5205,0.0
5204,0.0
4205,0.0
5203,0.0
5202,0.0
5200,0.0
5218,0.0
5199,0.0
5198,0.0
5197,0.0
5196,0.0
5195,0.0
5194,0.0
5193,0.0
5192,0.0
5191,0.0
5190,0.0
5189,0.0
5188,0.0
5215,0.0
5219,0.0
4196,0.0
5236,0.0
5247,0.0
5245,0.0
5243,0.0
4199,0.0
5242,0.0
4200,0.0
5241,0.0
5240,0.0
5239,0.0
5238,0.0
4201,0.0
5237,0.0
5235,0.0
5220,0.0
5234,0.0
5233,0.0
5232,0.0
5231,0.0
5230,0.0
5229,0.0
5227,0.0
5226,0.0
5225,0.0
5223,0.0
5222,0.0
5221,0.0
4210,0.0
5186,0.0
5185,0.0
5145,0.0
5155,0.0
5154,0.0
5153,0.0
4220,0.0
5152,0.0
4221,0.0
5151,0.0
5150,0.0
5149,0.0
5148,0.0
5147,0.0
5146,0.0
5144,0.0
5184,0.0
5143,0.0
5142,0.0
5141,0.0
5140,0.0
5139,0.0
5138,0.0
5137,0.0
5136,0.0
5135,0.0
5134,0.0
5133,0.0
5132,0.0
5156,0.0
5157,0.0
5158,0.0
5159,0.0
5183,0.0
5182,0.0
4214,0.0
5181,0.0
5180,0.0
5179,0.0
5178,0.0
5177,0.0
5176,0.0
4216,0.0
5175,0.0
5174,0.0
5173,0.0
5172,0.0
4217,0.0
5171,0.0
5169,0.0
5167,0.0
5166,0.0
5165,0.0
5164,0.0
5163,0.0
5162,0.0
5161,0.0
5160,0.0
5248,0.0
5249,0.0
5130,0.0
5326,0.0
5339,0.0
5338,0.0
5337,0.0
5336,0.0
5335,0.0
5334,0.0
5333,0.0
5332,0.0
5331,0.0
5329,0.0
5328,0.0
5327,0.0
5325,0.0
5341,0.0
5324,0.0
5323,0.0
5322,0.0
5321,0.0
5320,0.0
5319,0.0
5318,0.0
5317,0.0
5316,0.0
5315,0.0
5313,0.0
4182,0.0
5340,0.0
5342,0.0
5250,0.0
5358,0.0
5370,0.0
5369,0.0
5368,0.0
5367,0.0
5366,0.0
5365,0.0
5364,0.0
5363,0.0
5362,0.0
5361,0.0
5360,0.0
5359,0.0
5357,0.0
5343,0.0
5356,0.0
5353,0.0
5352,0.0
5351,0.0
5350,0.0
4175,0.0
5349,0.0
5348,0.0
5347,0.0
5346,0.0
5345,0.0
5344,0.0
5312,0.0
5311,0.0
5310,0.0
4193,0.0
5279,0.0
5277,0.0
5275,0.0
5274,0.0
5273,0.0
5272,0.0
5271,0.0
5270,0.0
5269,0.0
5268,0.0
5267,0.0
5266,0.0
5265,0.0
5309,0.0
5264,0.0
5262,0.0
5261,0.0
5260,0.0
5259,0.0
5258,0.0
5257,0.0
5256,0.0
5254,0.0
5253,0.0
5252,0.0
5251,0.0
5280,0.0
5282,0.0
5283,0.0
5285,0.0
4183,0.0
5308,0.0
5307,0.0
5305,0.0
5304,0.0
5303,0.0
4184,0.0
5302,0.0
4185,0.0
5301,0.0
5300,0.0
5299,0.0
5298,0.0
5297,0.0
5296,0.0
5295,0.0
5294,0.0
5293,0.0
5292,0.0
5291,0.0
5290,0.0
5289,0.0
5288,0.0
5287,0.0
5286,0.0
5131,0.0
5129,0.0
4902,0.0
4973,0.0
4985,0.0
4984,0.0
4983,0.0
4982,0.0
4981,0.0
4980,0.0
4979,0.0
4978,0.0
4977,0.0
4976,0.0
4975,0.0
4974,0.0
4972,0.0
4987,0.0
4971,0.0
4970,0.0
4969,0.0
4968,0.0
4967,0.0
4966,0.0
4965,0.0
4964,0.0
4963,0.0
4962,0.0
4961,0.0
4960,0.0
4986,0.0
4988,0.0
5015,0.0
5002,0.0
4255,0.0
5013,0.0
5012,0.0
5011,0.0
5010,0.0
5009,0.0
5008,0.0
5007,0.0
5006,0.0
5005,0.0
5004,0.0
5003,0.0
5001,0.0
4989,0.0
5000,0.0
4999,0.0
4998,0.0
4997,0.0
4996,0.0
4258,0.0
4995,0.0
4994,0.0
4993,0.0
4992,0.0
4991,0.0
4990,0.0
4959,0.0
4958,0.0
4957,0.0
4915,0.0
4927,0.0
4926,0.0
4925,0.0
4924,0.0
4923,0.0
4922,0.0
4921,0.0
4920,0.0
4919,0.0
4918,0.0
4917,0.0
4916,0.0
4914,0.0
4956,0.0
4913,0.0
4912,0.0
4911,0.0
4910,0.0
4909,0.0
4908,0.0
4907,0.0
4906,0.0
4905,0.0
4904,0.0
4903,0.0
4277,0.0
4928,0.0
4929,0.0
4930,0.0
4931,0.0
4269,0.0
4955,0.0
4954,0.0
4953,0.0
4952,0.0
4951,0.0
4950,0.0
4949,0.0
4948,0.0
4947,0.0
4946,0.0
4945,0.0
4944,0.0
4943,0.0
4942,0.0
4941,0.0
4940,0.0
4939,0.0
4938,0.0
4937,0.0
4936,0.0
4935,0.0
4934,0.0
4933,0.0
4932,0.0
5014,0.0
5016,0.0
5128,0.0
5089,0.0
5099,0.0
5098,0.0
5097,0.0
5096,0.0
4237,0.0
5095,0.0
5094,0.0
5093,0.0
4238,0.0
5092,0.0
5091,0.0
5090,0.0
5088,0.0
5101,0.0
5087,0.0
5086,0.0
5085,0.0
5084,0.0
5083,0.0
5082,0.0
5081,0.0
5080,0.0
5079,0.0
5078,0.0
5077,0.0
5076,0.0
5100,0.0
4235,0.0
5017,0.0
5116,0.0
5127,0.0
5126,0.0
5125,0.0
5124,0.0
4228,0.0
5123,0.0
5122,0.0
5121,0.0
5120,0.0
5119,0.0
5118,0.0
5117,0.0
5115,0.0
5102,0.0
5114,0.0
5113,0.0
5112,0.0
5111,0.0
5110,0.0
5109,0.0
5108,0.0
5107,0.0
5106,0.0
5105,0.0
5104,0.0
5103,0.0
5075,0.0
5074,0.0
5073,0.0
5031,0.0
5042,0.0
5041,0.0
5040,0.0
5039,0.0
5038,0.0
5037,0.0
5036,0.0
5035,0.0
5034,0.0
5033,0.0
5032,0.0
4252,0.0
5030,0.0
5072,0.0
5029,0.0
5028,0.0
5027,0.0
5026,0.0
5025,0.0
5024,0.0
5023,0.0
5022,0.0
5021,0.0
5020,0.0
5019,0.0
5018,0.0
5043,0.0
5044,0.0
5045,0.0
5046,0.0
5071,0.0
5070,0.0
5069,0.0
5068,0.0
5067,0.0
5066,0.0
5065,0.0
5064,0.0
5063,0.0
5062,0.0
5061,0.0
5060,0.0
5059,0.0
5058,0.0
5057,0.0
5056,0.0
5055,0.0
5054,0.0
5053,0.0
5052,0.0
5051,0.0
5050,0.0
5049,0.0
5048,0.0
5047,0.0
5187,0.0
2883,0.0
3954,0.0
756,0.0
786,0.0
787,0.0
788,0.0
789,0.0
790,0.0
791,0.0
792,0.0
793,0.0
794,0.0
795,0.0
796,0.0
797,0.0
798,0.0
799,0.0
800,0.0
801,0.0
802,0.0
803,0.0
804,0.0
805,0.0
806,0.0
807,0.0
810,0.0
811,0.0
812,0.0
785,0.0
784,0.0
783,0.0
769,0.0
758,0.0
759,0.0
760,0.0
761,0.0
762,0.0
763,0.0
764,0.0
765,0.0
766,0.0
767,0.0
768,0.0
770,0.0
782,0.0
771,0.0
772,0.0
773,0.0
774,0.0
775,0.0
776,0.0
777,0.0
778,0.0
779,0.0
780,0.0
781,0.0
813,0.0
814,0.0
815,0.0
860,0.0
848,0.0
850,0.0
851,0.0
852,0.0
853,0.0
854,0.0
855,0.0
856,0.0
857,0.0
858,0.0
859,0.0
861,0.0
846,0.0
862,0.0
863,0.0
864,0.0
865,0.0
866,0.0
867,0.0
868,0.0
869,0.0
870,0.0
871,0.0
872,0.0
847,0.0
844,0.0
816,0.0
828,0.0
817,0.0
818,0.0
819,0.0
820,0.0
821,0.0
822,0.0
823,0.0
824,0.0
825,0.0
826,0.0
827,0.0
829,0.0
843,0.0
830,0.0
831,0.0
832,0.0
834,0.0
835,0.0
836,0.0
838,0.0
839,0.0
840,0.0
841,0.0
842,0.0
757,0.0
755,0.0
874,0.0
754,0.0
673,0.0
674,0.0
675,0.0
676,0.0
677,0.0
678,0.0
679,0.0
680,0.0
681,0.0
682,0.0
683,0.0
684,0.0
685,0.0
686,0.0
687,0.0
688,0.0
689,0.0
690,0.0
691,0.0
692,0.0
693,0.0
694,0.0
695,0.0
696,0.0
697,0.0
672,0.0
671,0.0
670,0.0
656,0.0
645,0.0
646,0.0
647,0.0
648,0.0
649,0.0
650,0.0
651,0.0
652,0.0
653,0.0
654,0.0
655,0.0
657,0.0
669,0.0
658,0.0
659,0.0
660,0.0
661,0.0
662,0.0
663,0.0
664,0.0
665,0.0
666,0.0
667,0.0
668,0.0
698,0.0
699,0.0
700,0.0
741,0.0
730,0.0
731,0.0
732,0.0
733,0.0
734,0.0
735,0.0
736,0.0
737,0.0
738,0.0
739,0.0
740,0.0
742,0.0
728,0.0
743,0.0
744,0.0
745,0.0
746,0.0
747,0.0
748,0.0
749,0.0
750,0.0
751,0.0
752,0.0
753,0.0
729,0.0
727,0.0
701,0.0
713,0.0
702,0.0
703,0.0
704,0.0
705,0.0
706,0.0
707,0.0
708,0.0
709,0.0
710,0.0
711,0.0
712,0.0
714,0.0
726,0.0
715,0.0
716,0.0
717,0.0
718,0.0
719,0.0
720,0.0
721,0.0
722,0.0
723,0.0
724,0.0
725,0.0
873,0.0
875,0.0
643,0.0
996,0.0
1031,0.0
1032,0.0
1033,0.0
1034,0.0
1035,0.0
1036,0.0
1037,0.0
1038,0.0
1039,0.0
1040,0.0
1041,0.0
1042,0.0
1043,0.0
1044,0.0
1045,0.0
1046,0.0
1047,0.0
1049,0.0
1050,0.0
1051,0.0
1053,0.0
1054,0.0
1055,0.0
1056,0.0
1057,0.0
1030,0.0
1029,0.0
1028,0.0
1013,0.0
998,0.0
999,0.0
1002,0.0
1003,0.0
1004,0.0
1006,0.0
1007,0.0
1008,0.0
1010,0.0
1011,0.0
1012,0.0
1014,0.0
1027,0.0
1015,0.0
1016,0.0
1017,0.0
1018,0.0
1019,0.0
1021,0.0
1022,0.0
1023,0.0
1024,0.0
1025,0.0
1026,0.0
1058,0.0
1059,0.0
1060,0.0
1103,0.0
1091,0.0
1092,0.0
1094,0.0
1095,0.0
1096,0.0
1097,0.0
1098,0.0
1099,0.0
1100,0.0
1101,0.0
1102,0.0
1105,0.0
1089,0.0
1106,0.0
1107,0.0
1108,0.0
1110,0.0
1111,0.0
1112,0.0
1113,0.0
1114,0.0
1115,0.0
1116,0.0
1117,0.0
1090,0.0
1088,0.0
1061,0.0
1073,0.0
1062,0.0
1063,0.0
1064,0.0
1065,0.0
1066,0.0
1067,0.0
1068,0.0
1069,0.0
1070,0.0
1071,0.0
1072,0.0
1074,0.0
1087,0.0
1075,0.0
1076,0.0
1077,0.0
1078,0.0
1079,0.0
1081,0.0
1082,0.0
1083,0.0
1084,0.0
1085,0.0
1086,0.0
997,0.0
995,0.0
876,0.0
994,0.0
908,0.0
909,0.0
910,0.0
911,0.0
913,0.0
914,0.0
915,0.0
916,0.0
917,0.0
918,0.0
919,0.0
920,0.0
921,0.0
922,0.0
923,0.0
924,0.0
925,0.0
926,0.0
927,0.0
928,0.0
929,0.0
930,0.0
931,0.0
932,0.0
933,0.0
907,0.0
906,0.0
905,0.0
890,0.0
877,0.0
878,0.0
879,0.0
880,0.0
882,0.0
883,0.0
884,0.0
885,0.0
886,0.0
887,0.0
889,0.0
891,0.0
904,0.0
892,0.0
894,0.0
895,0.0
896,0.0
897,0.0
898,0.0
899,0.0
900,0.0
901,0.0
902,0.0
903,0.0
934,0.0
935,0.0
936,0.0
980,0.0
968,0.0
969,0.0
970,0.0
971,0.0
972,0.0
973,0.0
974,0.0
975,0.0
977,0.0
978,0.0
979,0.0
981,0.0
966,0.0
982,0.0
983,0.0
984,0.0
985,0.0
986,0.0
987,0.0
989,0.0
990,0.0
991,0.0
992,0.0
993,0.0
967,0.0
964,0.0
937,0.0
949,0.0
938,0.0
939,0.0
940,0.0
941,0.0
942,0.0
943,0.0
944,0.0
945,0.0
946,0.0
947,0.0
948,0.0
950,0.0
963,0.0
951,0.0
952,0.0
953,0.0
954,0.0
955,0.0
956,0.0
957,0.0
958,0.0
959,0.0
960,0.0
962,0.0
644,0.0
642,0.0
1119,0.0
270,0.0
312,0.0
314,0.0
316,0.0
317,0.0
318,0.0
319,0.0
321,0.0
322,0.0
323,0.0
325,0.0
326,0.0
327,0.0
328,0.0
329,0.0
330,0.0
331,0.0
333,0.0
334,0.0
335,0.0
336,0.0
337,0.0
339,0.0
340,0.0
341,0.0
342,0.0
311,0.0
310,0.0
309,0.0
284,0.0
272,0.0
273,0.0
274,0.0
276,0.0
277,0.0
278,0.0
279,0.0
280,0.0
281,0.0
282,0.0
283,0.0
285,0.0
307,0.0
290,0.0
294,0.0
295,0.0
297,0.0
298,0.0
299,0.0
301,0.0
302,0.0
303,0.0
304,0.0
305,0.0
343,0.0
345,0.0
346,0.0
401,0.0
386,0.0
387,0.0
388,0.0
389,0.0
390,0.0
391,0.0
393,0.0
394,0.0
395,0.0
396,0.0
397,0.0
403,0.0
383,0.0
404,0.0
405,0.0
406,0.0
407,0.0
408,0.0
409,0.0
410,0.0
411,0.0
412,0.0
413,0.0
414,0.0
384,0.0
382,0.0
348,0.0
363,0.0
350,0.0
351,0.0
352,0.0
353,0.0
354,0.0
355,0.0
356,0.0
357,0.0
359,0.0
360,0.0
361,0.0
364,0.0
381,0.0
365,0.0
366,0.0
368,0.0
370,0.0
371,0.0
372,0.0
373,0.0
374,0.0
375,0.0
376,0.0
379,0.0
271,0.0
269,0.0
416,0.0
268,0.0
125,0.0
127,0.0
130,0.0
132,0.0
136,0.0
140,0.0
142,0.0
143,0.0
145,0.0
154,0.0
156,0.0
157,0.0
159,0.0
160,0.0
161,0.0
164,0.0
165,0.0
168,0.0
170,0.0
172,0.0
173,0.0
174,0.0
175,0.0
177,0.0
178,0.0
124,0.0
123,0.0
121,0.0
84,0.0
32,0.0
34,0.0
50,0.0
54,0.0
58,0.0
69,0.0
70,0.0
71,0.0
74,0.0
75,0.0
83,0.0
87,0.0
120,0.0
88,0.0
96,0.0
97,0.0
101,0.0
102,0.0
105,0.0
106,0.0
107,0.0
110,0.0
112,0.0
118,0.0
182,0.0
183,0.0
186,0.0
250,0.0
236,0.0
237,0.0
238,0.0
239,0.0
241,0.0
242,0.0
244,0.0
245,0.0
246,0.0
247,0.0
249,0.0
252,0.0
232,0.0
254,0.0
255,0.0
256,0.0
259,0.0
260,0.0
261,0.0
262,0.0
263,0.0
265,0.0
266,0.0
267,0.0
234,0.0
231,0.0
188,0.0
209,0.0
190,0.0
191,0.0
192,0.0
194,0.0
196,0.0
197,0.0
199,0.0
204,0.0
205,0.0
206,0.0
207,0.0
211,0.0
229,0.0
214,0.0
215,0.0
217,0.0
218,0.0
220,0.0
221,0.0
223,0.0
224,0.0
225,0.0
226,0.0
228,0.0
415,0.0
417,0.0
641,0.0
530,0.0
560,0.0
561,0.0
562,0.0
563,0.0
564,0.0
565,0.0
566,0.0
567,0.0
568,0.0
569,0.0
570,0.0
571,0.0
572,0.0
573,0.0
574,0.0
575,0.0
576,0.0
577,0.0
578,0.0
579,0.0
580,0.0
581,0.0
582,0.0
583,0.0
584,0.0
559,0.0
558,0.0
557,0.0
543,0.0
532,0.0
533,0.0
534,0.0
535,0.0
536,0.0
537,0.0
538,0.0
539,0.0
540,0.0
541,0.0
542,0.0
544,0.0
556,0.0
545,0.0
546,0.0
547,0.0
548,0.0
549,0.0
550,0.0
551,0.0
552,0.0
553,0.0
554,0.0
555,0.0
585,0.0
586,0.0
587,0.0
628,0.0
617,0.0
618,0.0
619,0.0
620,0.0
621,0.0
622,0.0
623,0.0
624,0.0
625,0.0
626,0.0
627,0.0
629,0.0
615,0.0
630,0.0
631,0.0
632,0.0
633,0.0
634,0.0
635,0.0
636,0.0
637,0.0
638,0.0
639,0.0
640,0.0
616,0.0
614,0.0
588,0.0
600,0.0
589,0.0
590,0.0
591,0.0
592,0.0
593,0.0
594,0.0
595,0.0
596,0.0
597,0.0
598,0.0
599,0.0
601,0.0
613,0.0
602,0.0
603,0.0
604,0.0
605,0.0
606,0.0
607,0.0
608,0.0
609,0.0
610,0.0
611,0.0
612,0.0
531,0.0
529,0.0
418,0.0
528,0.0
447,0.0
448,0.0
449,0.0
450,0.0
451,0.0
452,0.0
453,0.0
454,0.0
455,0.0
456,0.0
457,0.0
458,0.0
459,0.0
460,0.0
461,0.0
462,0.0
463,0.0
464,0.0
465,0.0
466,0.0
467,0.0
468,0.0
469,0.0
470,0.0
471,0.0
446,0.0
445,0.0
444,0.0
430,0.0
419,0.0
420,0.0
421,0.0
422,0.0
423,0.0
424,0.0
425,0.0
426,0.0
427,0.0
428,0.0
429,0.0
431,0.0
443,0.0
432,0.0
433,0.0
434,0.0
435,0.0
436,0.0
437,0.0
438,0.0
439,0.0
440,0.0
441,0.0
442,0.0
472,0.0
473,0.0
474,0.0
515,0.0
504,0.0
505,0.0
506,0.0
507,0.0
508,0.0
509,0.0
510,0.0
511,0.0
512,0.0
513,0.0
514,0.0
516,0.0
502,0.0
517,0.0
518,0.0
519,0.0
520,0.0
521,0.0
522,0.0
523,0.0
524,0.0
525,0.0
526,0.0
527,0.0
503,0.0
501,0.0
475,0.0
487,0.0
476,0.0
477,0.0
478,0.0
479,0.0
480,0.0
481,0.0
482,0.0
483,0.0
484,0.0
485,0.0
486,0.0
488,0.0
500,0.0
489,0.0
490,0.0
491,0.0
492,0.0
493,0.0
494,0.0
495,0.0
496,0.0
497,0.0
498,0.0
499,0.0
1118,0.0
1120,0.0
3944,0.0
2210,0.0
2416,0.0
2422,0.0
2423,0.0
2425,0.0
2438,0.0
2447,0.0
2448,0.0
2466,0.0
2473,0.0
2481,0.0
2484,0.0
2486,0.0
2513,0.0
2521,0.0
2533,0.0
2538,0.0
2542,0.0
2553,0.0
2557,0.0
2573,0.0
2581,0.0
2585,0.0
2592,0.0
2596,0.0
2597,0.0
2413,0.0
2412,0.0
2398,0.0
2281,0.0
2230,0.0
2234,0.0
2236,0.0
2242,0.0
2243,0.0
2244,0.0
2251,0.0
2256,0.0
2260,0.0
2277,0.0
2278,0.0
2282,0.0
2391,0.0
2289,0.0
2291,0.0
2303,0.0
2318,0.0
2324,0.0
2335,0.0
2346,0.0
2356,0.0
2368,0.0
2383,0.0
2389,0.0
2605,0.0
2608,0.0
2617,0.0
2844,0.0
2777,0.0
2779,0.0
2791,0.0
2796,0.0
2798,0.0
2800,0.0
2804,0.0
2805,0.0
2813,0.0
2836,0.0
2842,0.0
2845,0.0
2773,0.0
2846,0.0
2854,0.0
2857,0.0
2873,0.0
2877,0.0
2881,0.0
2888,0.0
2891,0.0
2894,0.0
2910,0.0
2911,0.0
2776,0.0
2772,0.0
2627,0.0
2680,0.0
2633,0.0
2638,0.0
2639,0.0
2647,0.0
2650,0.0
2651,0.0
2654,0.0
2657,0.0
2658,0.0
2674,0.0
2679,0.0
2700,0.0
2770,0.0
2702,0.0
2704,0.0
2712,0.0
2723,0.0
2727,0.0
2730,0.0
2732,0.0
2736,0.0
2753,0.0
2760,0.0
2764,0.0
2217,0.0
2207,0.0
2919,0.0
2201,0.0
1611,0.0
1612,0.0
1613,0.0
1614,0.0
1615,0.0
1627,0.0
1636,0.0
1646,0.0
1652,0.0
1666,0.0
1669,0.0
1692,0.0
1713,0.0
1719,0.0
1720,0.0
1753,0.0
1759,0.0
1761,0.0
1762,0.0
1780,0.0
1781,0.0
1801,0.0
1802,0.0
1812,0.0
1823,0.0
1610,0.0
1609,0.0
1608,0.0
1594,0.0
1583,0.0
1584,0.0
1585,0.0
1586,0.0
1587,0.0
1588,0.0
1589,0.0
1590,0.0
1591,0.0
1592,0.0
1593,0.0
1595,0.0
1607,0.0
1596,0.0
1597,0.0
1598,0.0
1599,0.0
1600,0.0
1601,0.0
1602,0.0
1603,0.0
1604,0.0
1605,0.0
1606,0.0
1824,0.0
1837,0.0
1852,0.0
2143,0.0
2092,0.0
2101,0.0
2106,0.0
2107,0.0
2112,0.0
2125,0.0
2130,0.0
2131,0.0
2133,0.0
2135,0.0
2140,0.0
2144,0.0
2054,0.0
2152,0.0
2155,0.0
2157,0.0
2164,0.0
2171,0.0
2172,0.0
2178,0.0
2181,0.0
2192,0.0
2194,0.0
2197,0.0
2075,0.0
2049,0.0
1857,0.0
1925,0.0
1865,0.0
1867,0.0
1871,0.0
1876,0.0
1889,0.0
1902,0.0
1909,0.0
1913,0.0
1916,0.0
1919,0.0
1922,0.0
1935,0.0
2037,0.0
1938,0.0
1953,0.0
1954,0.0
1957,0.0
1975,0.0
1977,0.0
1987,0.0
1996,0.0
2019,0.0
2020,0.0
2034,0.0
2916,0.0
2922,0.0
1581,0.0
3479,0.0
3615,0.0
3623,0.0
3625,0.0
3627,0.0
3628,0.0
3635,0.0
3641,0.0
3643,0.0
3648,0.0
3651,0.0
3652,0.0
3653,0.0
3655,0.0
3657,0.0
3660,0.0
3673,0.0
3675,0.0
3683,0.0
3685,0.0
3686,0.0
3687,0.0
3689,0.0
3694,0.0
3696,0.0
3699,0.0
3606,0.0
3604,0.0
3602,0.0
3529,0.0
3485,0.0
3488,0.0
3489,0.0
3491,0.0
3495,0.0
3501,0.0
3503,0.0
3506,0.0
3507,0.0
3511,0.0
3520,0.0
3537,0.0
3593,0.0
3542,0.0
3546,0.0
3549,0.0
3550,0.0
3552,0.0
3563,0.0
3569,0.0
3574,0.0
3576,0.0
3581,0.0
3592,0.0
3700,0.0
3714,0.0
3723,0.0
3897,0.0
3855,0.0
3859,0.0
3862,0.0
3865,0.0
3874,0.0
3875,0.0
3876,0.0
3884,0.0
3889,0.0
3892,0.0
3894,0.0
3898,0.0
3836,0.0
3901,0.0
3902,0.0
3919,0.0
3920,0.0
3924,0.0
3926,0.0
3927,0.0
3931,0.0
3933,0.0
3934,0.0
3939,0.0
3847,0.0
3832,0.0
3724,0.0
3772,0.0
3733,0.0
3735,0.0
3743,0.0
3746,0.0
3749,0.0
3750,0.0
3754,0.0
3757,0.0
3758,0.0
3761,0.0
3763,0.0
3775,0.0
3823,0.0
3778,0.0
3780,0.0
3782,0.0
3783,0.0
3789,0.0
3792,0.0
3806,0.0
3813,0.0
3817,0.0
3820,0.0
3822,0.0
3482,0.0
3478,0.0
2928,0.0
3476,0.0
3152,0.0
3153,0.0
3162,0.0
3183,0.0
3184,0.0
3194,0.0
3201,0.0
3204,0.0
3212,0.0
3214,0.0
3215,0.0
3217,0.0
3225,0.0
3231,0.0
3240,0.0
3245,0.0
3246,0.0
3247,0.0
3249,0.0
3250,0.0
3251,0.0
3252,0.0
3253,0.0
3257,0.0
3258,0.0
3143,0.0
3137,0.0
3135,0.0
3001,0.0
2936,0.0
2938,0.0
2946,0.0
2963,0.0
2967,0.0
2970,0.0
2978,0.0
2981,0.0
2991,0.0
2997,0.0
2999,0.0
3009,0.0
3132,0.0
3017,0.0
3020,0.0
3029,0.0
3048,0.0
3056,0.0
3059,0.0
3064,0.0
3087,0.0
3089,0.0
3122,0.0
3131,0.0
3263,0.0
3264,0.0
3268,0.0
3439,0.0
3406,0.0
3411,0.0
3413,0.0
3417,0.0
3420,0.0
3422,0.0
3424,0.0
3425,0.0
3427,0.0
3428,0.0
3438,0.0
3440,0.0
3391,0.0
3446,0.0
3447,0.0
3448,0.0
3450,0.0
3453,0.0
3456,0.0
3459,0.0
3463,0.0
3467,0.0
3471,0.0
3473,0.0
3392,0.0
3386,0.0
3280,0.0
3337,0.0
3282,0.0
3283,0.0
3284,0.0
3300,0.0
3301,0.0
3302,0.0
3310,0.0
3313,0.0
3325,0.0
3326,0.0
3331,0.0
3344,0.0
3383,0.0
3347,0.0
3349,0.0
3351,0.0
3352,0.0
3355,0.0
3361,0.0
3364,0.0
3366,0.0
3373,0.0
3375,0.0
3381,0.0
1582,0.0
1580,0.0
1121,0.0
1242,0.0
1272,0.0
1273,0.0
1274,0.0
1275,0.0
1276,0.0
1277,0.0
1278,0.0
1279,0.0
1280,0.0
1281,0.0
1282,0.0
1283,0.0
1284,0.0
1285,0.0
1286,0.0
1287,0.0
1288,0.0
1289,0.0
1290,0.0
1291,0.0
1292,0.0
1293,0.0
1294,0.0
1295,0.0
1296,0.0
1271,0.0
1270,0.0
1269,0.0
1255,0.0
1244,0.0
1245,0.0
1246,0.0
1247,0.0
1248,0.0
1249,0.0
1250,0.0
1251,0.0
1252,0.0
1253,0.0
1254,0.0
1256,0.0
1268,0.0
1257,0.0
1258,0.0
1259,0.0
1260,0.0
1261,0.0
1262,0.0
1263,0.0
1264,0.0
1265,0.0
1266,0.0
1267,0.0
1297,0.0
1298,0.0
1299,0.0
1340,0.0
1329,0.0
1330,0.0
1331,0.0
1332,0.0
1333,0.0
1334,0.0
1335,0.0
1336,0.0
1337,0.0
1338,0.0
1339,0.0
1341,0.0
1327,0.0
1342,0.0
1343,0.0
1344,0.0
1345,0.0
1346,0.0
1347,0.0
1348,0.0
1349,0.0
1350,0.0
1351,0.0
1352,0.0
1328,0.0
1326,0.0
1300,0.0
1312,0.0
1301,0.0
1302,0.0
1303,0.0
1304,0.0
1305,0.0
1306,0.0
1307,0.0
1308,0.0
1309,0.0
1310,0.0
1311,0.0
1313,0.0
1325,0.0
1314,0.0
1315,0.0
1316,0.0
1317,0.0
1318,0.0
1319,0.0
1320,0.0
1321,0.0
1322,0.0
1323,0.0
1324,0.0
1243,0.0
1241,0.0
1354,0.0
1240,0.0
1152,0.0
1153,0.0
1154,0.0
1155,0.0
1156,0.0
1158,0.0
1159,0.0
1160,0.0
1161,0.0
1162,0.0
1163,0.0
1164,0.0
1166,0.0
1167,0.0
1168,0.0
1169,0.0
1170,0.0
1171,0.0
1172,0.0
1174,0.0
1175,0.0
1176,0.0
1177,0.0
1178,0.0
1179,0.0
1151,0.0
1150,0.0
1149,0.0
1133,0.0
1122,0.0
1123,0.0
1124,0.0
1125,0.0
1126,0.0
1127,0.0
1128,0.0
1129,0.0
1130,0.0
1131,0.0
1132,0.0
1134,0.0
1148,0.0
1135,0.0
1136,0.0
1138,0.0
1139,0.0
1140,0.0
1142,0.0
1143,0.0
1144,0.0
1145,0.0
1146,0.0
1147,0.0
1180,0.0
1181,0.0
1182,0.0
1227,0.0
1216,0.0
1217,0.0
1218,0.0
1219,0.0
1220,0.0
1221,0.0
1222,0.0
1223,0.0
1224,0.0
1225,0.0
1226,0.0
1228,0.0
1214,0.0
1229,0.0
1230,0.0
1231,0.0
1232,0.0
1233,0.0
1234,0.0
1235,0.0
1236,0.0
1237,0.0
1238,0.0
1239,0.0
1215,0.0
1213,0.0
1183,0.0
1199,0.0
1184,0.0
1186,0.0
1187,0.0
1188,0.0
1189,0.0
1190,0.0
1191,0.0
1192,0.0
1194,0.0
1195,0.0
1198,0.0
1200,0.0
1212,0.0
1201,0.0
1202,0.0
1203,0.0
1204,0.0
1205,0.0
1206,0.0
1207,0.0
1208,0.0
1209,0.0
1210,0.0
1211,0.0
1353,0.0
1355,0.0
1579,0.0
1468,0.0
1498,0.0
1499,0.0
1500,0.0
1501,0.0
1502,0.0
1503,0.0
1504,0.0
1505,0.0
1506,0.0
1507,0.0
1508,0.0
1509,0.0
1510,0.0
1511,0.0
1512,0.0
1513,0.0
1514,0.0
1515,0.0
1516,0.0
1517,0.0
1518,0.0
1519,0.0
1520,0.0
1521,0.0
1522,0.0
1497,0.0
1496,0.0
1495,0.0
1481,0.0
1470,0.0
1471,0.0
1472,0.0
1473,0.0
1474,0.0
1475,0.0
1476,0.0
1477,0.0
1478,0.0
1479,0.0
1480,0.0
1482,0.0
1494,0.0
1483,0.0
1484,0.0
1485,0.0
1486,0.0
1487,0.0
1488,0.0
1489,0.0
1490,0.0
1491,0.0
1492,0.0
1493,0.0
1523,0.0
1524,0.0
1525,0.0
1566,0.0
1555,0.0
1556,0.0
1557,0.0
1558,0.0
1559,0.0
1560,0.0
1561,0.0
1562,0.0
1563,0.0
1564,0.0
1565,0.0
1567,0.0
1553,0.0
1568,0.0
1569,0.0
1570,0.0
1571,0.0
1572,0.0
1573,0.0
1574,0.0
1575,0.0
1576,0.0
1577,0.0
1578,0.0
1554,0.0
1552,0.0
1526,0.0
1538,0.0
1527,0.0
1528,0.0
1529,0.0
1530,0.0
1531,0.0
1532,0.0
1533,0.0
1534,0.0
1535,0.0
1536,0.0
1537,0.0
1539,0.0
1551,0.0
1540,0.0
1541,0.0
1542,0.0
1543,0.0
1544,0.0
1545,0.0
1546,0.0
1547,0.0
1548,0.0
1549,0.0
1550,0.0
1469,0.0
1467,0.0
1356,0.0
1466,0.0
1385,0.0
1386,0.0
1387,0.0
1388,0.0
1389,0.0
1390,0.0
1391,0.0
1392,0.0
1393,0.0
1394,0.0
1395,0.0
1396,0.0
1397,0.0
1398,0.0
1399,0.0
1400,0.0
1401,0.0
1402,0.0
1403,0.0
1404,0.0
1405,0.0
1406,0.0
1407,0.0
1408,0.0
1409,0.0
1384,0.0
1383,0.0
1382,0.0
1368,0.0
1357,0.0
1358,0.0
1359,0.0
1360,0.0
1361,0.0
1362,0.0
1363,0.0
1364,0.0
1365,0.0
1366,0.0
1367,0.0
1369,0.0
1381,0.0
1370,0.0
1371,0.0
1372,0.0
1373,0.0
1374,0.0
1375,0.0
1376,0.0
1377,0.0
1378,0.0
1379,0.0
1380,0.0
1410,0.0
1411,0.0
1412,0.0
1453,0.0
1442,0.0
1443,0.0
1444,0.0
1445,0.0
1446,0.0
1447,0.0
1448,0.0
1449,0.0
1450,0.0
1451,0.0
1452,0.0
1454,0.0
1440,0.0
1455,0.0
1456,0.0
1457,0.0
1458,0.0
1459,0.0
1460,0.0
1461,0.0
1462,0.0
1463,0.0
1464,0.0
1465,0.0
1441,0.0
1439,0.0
1413,0.0
1425,0.0
1414,0.0
1415,0.0
1416,0.0
1417,0.0
1418,0.0
1419,0.0
1420,0.0
1421,0.0
1422,0.0
1423,0.0
1424,0.0
1426,0.0
1438,0.0
1427,0.0
1428,0.0
1429,0.0
1430,0.0
1431,0.0
1432,0.0
1433,0.0
1434,0.0
1435,0.0
1436,0.0
1437,0.0
5765,0.0
